original_path,path
LICENSE,LICENSE
Lab 2/Codes/README.md,Studies/SHARP/State_Space_Integration/Codes/README.md
Lab 2/Codes/TERMINAL_COMMANDS.md,Studies/SHARP/State_Space_Integration/Codes/TERMINAL_COMMANDS.md
Lab 2/Codes/TERMINAL_COMMANDS_58015903.md,Studies/SHARP/State_Space_Integration/Codes/TERMINAL_COMMANDS_58015903.md
Lab 2/Codes/TERMINAL_COMMANDS_TEMPORAL_AGENT_CHUNKED80.md,Studies/SHARP/State_Space_Integration/Codes/TERMINAL_COMMANDS_TEMPORAL_AGENT_CHUNKED80.md
Lab 2/Codes/TERMINAL_COMMANDS_TEMPORAL_AGENT_ROTATIONFIX80.md,Studies/SHARP/State_Space_Integration/Codes/TERMINAL_COMMANDS_TEMPORAL_AGENT_ROTATIONFIX80.md
Lab 2/Codes/TERMINAL_COMMANDS_TEMPORAL_AGENT_STABLECUDA80.md,Studies/SHARP/State_Space_Integration/Codes/TERMINAL_COMMANDS_TEMPORAL_AGENT_STABLECUDA80.md
Lab 2/Codes/launch_lab2_temporal_agent_mamba_58015903.sh,Studies/SHARP/State_Space_Integration/Codes/launch_lab2_temporal_agent_mamba_58015903.sh
Lab 2/Codes/launch_lab2_temporal_agent_mamba_chunked_58015903.sh,Studies/SHARP/State_Space_Integration/Codes/launch_lab2_temporal_agent_mamba_chunked_58015903.sh
Lab 2/Codes/launch_lab2_temporal_agent_mamba_rotationfix_58015903.sh,Studies/SHARP/State_Space_Integration/Codes/launch_lab2_temporal_agent_mamba_rotationfix_58015903.sh
Lab 2/Codes/launch_lab2_temporal_agent_mamba_stablecuda_58015903.sh,Studies/SHARP/State_Space_Integration/Codes/launch_lab2_temporal_agent_mamba_stablecuda_58015903.sh
Lab 2/Codes/prepare_lab2_nvidia_58015903_userspace.sh,Studies/SHARP/State_Space_Integration/Codes/prepare_lab2_nvidia_58015903_userspace.sh
Lab 2/Codes/setup_lab2_temporal_agent_mamba_ablation.py,Studies/SHARP/State_Space_Integration/Codes/setup_lab2_temporal_agent_mamba_ablation.py
Lab 2/Codes/setup_lab2_temporal_agent_mamba_chunked80.py,Studies/SHARP/State_Space_Integration/Codes/setup_lab2_temporal_agent_mamba_chunked80.py
Lab 2/Codes/setup_lab2_temporal_agent_mamba_rotationfix80.py,Studies/SHARP/State_Space_Integration/Codes/setup_lab2_temporal_agent_mamba_rotationfix80.py
Lab 2/Codes/setup_lab2_temporal_agent_mamba_stablecuda80.py,Studies/SHARP/State_Space_Integration/Codes/setup_lab2_temporal_agent_mamba_stablecuda80.py
Lab 2/Main_Results/Mamba_Encoder_Addition_Results/.gitignore,Studies/SHARP/State_Space_Integration/Main_Results/Mamba_Encoder_Addition_Results/.gitignore
Lab 2/Main_Results/Mamba_Encoder_Addition_Results/FINAL_METRICS.txt,Studies/SHARP/State_Space_Integration/Main_Results/Mamba_Encoder_Addition_Results/FINAL_METRICS.txt
Lab 2/Main_Results/Mamba_Encoder_Addition_Results/MANIFEST.txt,Studies/SHARP/State_Space_Integration/Main_Results/Mamba_Encoder_Addition_Results/MANIFEST.txt
Lab 2/Main_Results/Mamba_Encoder_Addition_Results/README.md,Studies/SHARP/State_Space_Integration/Main_Results/Mamba_Encoder_Addition_Results/README.md
Lab 2/Main_Results/Mamba_Encoder_Addition_Results/Temporal_Agent_Mamba/Snapshots/20260801-063721/.gitignore,Studies/SHARP/State_Space_Integration/Main_Results/Mamba_Encoder_Addition_Results/Temporal_Agent_Mamba/Snapshots/20260801-063721/.gitignore
Lab 2/Main_Results/Mamba_Encoder_Addition_Results/Temporal_Agent_Mamba/Snapshots/20260801-063721/BEST_CHECKPOINT.txt,Studies/SHARP/State_Space_Integration/Main_Results/Mamba_Encoder_Addition_Results/Temporal_Agent_Mamba/Snapshots/20260801-063721/BEST_CHECKPOINT.txt
Lab 2/Main_Results/Mamba_Encoder_Addition_Results/Temporal_Agent_Mamba/Snapshots/20260801-063721/CHECKPOINTS.txt,Studies/SHARP/State_Space_Integration/Main_Results/Mamba_Encoder_Addition_Results/Temporal_Agent_Mamba/Snapshots/20260801-063721/CHECKPOINTS.txt
Lab 2/Main_Results/Mamba_Encoder_Addition_Results/Temporal_Agent_Mamba/Snapshots/20260801-063721/README.md,Studies/SHARP/State_Space_Integration/Main_Results/Mamba_Encoder_Addition_Results/Temporal_Agent_Mamba/Snapshots/20260801-063721/README.md
Lab 2/Main_Results/Mamba_Encoder_Addition_Results/Temporal_Agent_Mamba/Snapshots/20260801-063721/RUN_STATUS.txt,Studies/SHARP/State_Space_Integration/Main_Results/Mamba_Encoder_Addition_Results/Temporal_Agent_Mamba/Snapshots/20260801-063721/RUN_STATUS.txt
Lab 2/Main_Results/Mamba_Encoder_Addition_Results/Temporal_Agent_Mamba/Snapshots/20260801-063721/Terminal_Summary.txt,Studies/SHARP/State_Space_Integration/Main_Results/Mamba_Encoder_Addition_Results/Temporal_Agent_Mamba/Snapshots/20260801-063721/Terminal_Summary.txt
Lab 2/Main_Results/Mamba_Encoder_Addition_Results/Temporal_Agent_Mamba/Snapshots/20260803-045226/.gitignore,Studies/SHARP/State_Space_Integration/Main_Results/Mamba_Encoder_Addition_Results/Temporal_Agent_Mamba/Snapshots/20260803-045226/.gitignore
Lab 2/Main_Results/Mamba_Encoder_Addition_Results/Temporal_Agent_Mamba/Snapshots/20260803-045226/BEST_CHECKPOINT.txt,Studies/SHARP/State_Space_Integration/Main_Results/Mamba_Encoder_Addition_Results/Temporal_Agent_Mamba/Snapshots/20260803-045226/BEST_CHECKPOINT.txt
Lab 2/Main_Results/Mamba_Encoder_Addition_Results/Temporal_Agent_Mamba/Snapshots/20260803-045226/CHECKPOINTS.txt,Studies/SHARP/State_Space_Integration/Main_Results/Mamba_Encoder_Addition_Results/Temporal_Agent_Mamba/Snapshots/20260803-045226/CHECKPOINTS.txt
Lab 2/Main_Results/Mamba_Encoder_Addition_Results/Temporal_Agent_Mamba/Snapshots/20260803-045226/README.md,Studies/SHARP/State_Space_Integration/Main_Results/Mamba_Encoder_Addition_Results/Temporal_Agent_Mamba/Snapshots/20260803-045226/README.md
Lab 2/Main_Results/Mamba_Encoder_Addition_Results/Temporal_Agent_Mamba/Snapshots/20260803-045226/RUN_STATUS.txt,Studies/SHARP/State_Space_Integration/Main_Results/Mamba_Encoder_Addition_Results/Temporal_Agent_Mamba/Snapshots/20260803-045226/RUN_STATUS.txt
Lab 2/Main_Results/Mamba_Encoder_Addition_Results/Temporal_Agent_Mamba/Snapshots/20260803-045226/Terminal_Summary.txt,Studies/SHARP/State_Space_Integration/Main_Results/Mamba_Encoder_Addition_Results/Temporal_Agent_Mamba/Snapshots/20260803-045226/Terminal_Summary.txt
Lab 2/Main_Results/Mamba_Encoder_Addition_Results/checkpoint-SHA256SUMS.txt,Studies/SHARP/State_Space_Integration/Main_Results/Mamba_Encoder_Addition_Results/checkpoint-SHA256SUMS.txt
Lab 2/Main_Results/Mamba_Encoder_Addition_Results/checkpoint-inventory.txt,Studies/SHARP/State_Space_Integration/Main_Results/Mamba_Encoder_Addition_Results/checkpoint-inventory.txt
Lab 2/Main_Results/Mamba_Encoder_Addition_Results/conda-list.txt,Studies/SHARP/State_Space_Integration/Main_Results/Mamba_Encoder_Addition_Results/conda-list.txt
Lab 2/Main_Results/Mamba_Encoder_Addition_Results/configuration/config.yaml,Studies/SHARP/State_Space_Integration/Main_Results/Mamba_Encoder_Addition_Results/configuration/config.yaml
Lab 2/Main_Results/Mamba_Encoder_Addition_Results/configuration/hydra.yaml,Studies/SHARP/State_Space_Integration/Main_Results/Mamba_Encoder_Addition_Results/configuration/hydra.yaml
Lab 2/Main_Results/Mamba_Encoder_Addition_Results/configuration/overrides.yaml,Studies/SHARP/State_Space_Integration/Main_Results/Mamba_Encoder_Addition_Results/configuration/overrides.yaml
Lab 2/Main_Results/Mamba_Encoder_Addition_Results/final-log-excerpt.txt,Studies/SHARP/State_Space_Integration/Main_Results/Mamba_Encoder_Addition_Results/final-log-excerpt.txt
Lab 2/Main_Results/Mamba_Encoder_Addition_Results/local-archive-SHA256SUMS.txt,Studies/SHARP/State_Space_Integration/Main_Results/Mamba_Encoder_Addition_Results/local-archive-SHA256SUMS.txt
Lab 2/Main_Results/Mamba_Encoder_Addition_Results/nvidia-smi.txt,Studies/SHARP/State_Space_Integration/Main_Results/Mamba_Encoder_Addition_Results/nvidia-smi.txt
Lab 2/Main_Results/Mamba_Encoder_Addition_Results/pip-freeze.txt,Studies/SHARP/State_Space_Integration/Main_Results/Mamba_Encoder_Addition_Results/pip-freeze.txt
Lab 2/Main_Results/Mamba_Encoder_Addition_Results/reproducibility/run_av2_mamba_fused_4gpu_syncbn.sh,Studies/SHARP/State_Space_Integration/Main_Results/Mamba_Encoder_Addition_Results/reproducibility/run_av2_mamba_fused_4gpu_syncbn.sh
Lab 2/Main_Results/Mamba_Encoder_Addition_Results/reproducibility/sharp_mamba.py,Studies/SHARP/State_Space_Integration/Main_Results/Mamba_Encoder_Addition_Results/reproducibility/sharp_mamba.py
Lab 2/Main_Results/Mamba_Encoder_Addition_Results/system.txt,Studies/SHARP/State_Space_Integration/Main_Results/Mamba_Encoder_Addition_Results/system.txt
Lab 2/README.md,Studies/SHARP/State_Space_Integration/README.md
Lab 2/SHARP_20_Epoch_10_Test_Suite/CHECKPOINTS.txt,Studies/SHARP/Architecture_Ablation/CHECKPOINTS.txt
Lab 2/SHARP_20_Epoch_10_Test_Suite/CURRENT_ATTEMPT.txt,Studies/SHARP/Architecture_Ablation/CURRENT_ATTEMPT.txt
Lab 2/SHARP_20_Epoch_10_Test_Suite/CURRENT_ERRORS.txt,Studies/SHARP/Architecture_Ablation/CURRENT_ERRORS.txt
Lab 2/SHARP_20_Epoch_10_Test_Suite/ERRORS.txt,Studies/SHARP/Architecture_Ablation/ERRORS.txt
Lab 2/SHARP_20_Epoch_10_Test_Suite/EXPERIMENT_MANIFEST.md,Studies/SHARP/Architecture_Ablation/EXPERIMENT_MANIFEST.md
Lab 2/SHARP_20_Epoch_10_Test_Suite/README.md,Studies/SHARP/Architecture_Ablation/README.md
Lab 2/SHARP_20_Epoch_10_Test_Suite/RUN_STATUS.txt,Studies/SHARP/Architecture_Ablation/RUN_STATUS.txt
Lab 2/SHARP_20_Epoch_10_Test_Suite/Runs/SHARP_AV2_20EPOCH_10TEST_20260805-031733/CHECKPOINTS.txt,Studies/SHARP/Architecture_Ablation/Runs/SHARP_AV2_20EPOCH_10TEST_20260805-031733/CHECKPOINTS.txt
Lab 2/SHARP_20_Epoch_10_Test_Suite/Runs/SHARP_AV2_20EPOCH_10TEST_20260805-031733/CURRENT_WARNINGS_AND_ERRORS.txt,Studies/SHARP/Architecture_Ablation/Runs/SHARP_AV2_20EPOCH_10TEST_20260805-031733/CURRENT_WARNINGS_AND_ERRORS.txt
Lab 2/SHARP_20_Epoch_10_Test_Suite/Runs/SHARP_AV2_20EPOCH_10TEST_20260805-031733/README.md,Studies/SHARP/Architecture_Ablation/Runs/SHARP_AV2_20EPOCH_10TEST_20260805-031733/README.md
Lab 2/SHARP_20_Epoch_10_Test_Suite/Runs/SHARP_AV2_20EPOCH_10TEST_20260805-031733/RUN_STATUS.txt,Studies/SHARP/Architecture_Ablation/Runs/SHARP_AV2_20EPOCH_10TEST_20260805-031733/RUN_STATUS.txt
Lab 2/SHARP_20_Epoch_10_Test_Suite/Runs/SHARP_AV2_20EPOCH_10TEST_20260805-031733/Summary.md,Studies/SHARP/Architecture_Ablation/Runs/SHARP_AV2_20EPOCH_10TEST_20260805-031733/Summary.md
Lab 2/SHARP_20_Epoch_10_Test_Suite/Runs/SHARP_AV2_20EPOCH_10TEST_20260805-031733/Terminal.txt,Studies/SHARP/Architecture_Ablation/Runs/SHARP_AV2_20EPOCH_10TEST_20260805-031733/Terminal.txt
Lab 2/SHARP_20_Epoch_10_Test_Suite/Runs/SHARP_AV2_20EPOCH_10TEST_20260805-031733/VARIANT_STATUS.txt,Studies/SHARP/Architecture_Ablation/Runs/SHARP_AV2_20EPOCH_10TEST_20260805-031733/VARIANT_STATUS.txt
Lab 2/SHARP_20_Epoch_10_Test_Suite/TERMINAL_COMMANDS.md,Studies/SHARP/Architecture_Ablation/TERMINAL_COMMANDS.md
Lab 2/SHARP_20_Epoch_10_Test_Suite/TERMINAL_COMMANDS_DRIVER_SAFE.md,Studies/SHARP/Architecture_Ablation/TERMINAL_COMMANDS_DRIVER_SAFE.md
Lab 2/SHARP_20_Epoch_10_Test_Suite/Terminal.txt,Studies/SHARP/Architecture_Ablation/Terminal.txt
Lab 2/SHARP_20_Epoch_10_Test_Suite/generate_lab2_10test_snapshot.py,Studies/SHARP/Architecture_Ablation/generate_lab2_10test_snapshot.py
Lab 2/SHARP_20_Epoch_10_Test_Suite/launch_lab2_10test_suite.sh,Studies/SHARP/Architecture_Ablation/launch_lab2_10test_suite.sh
Lab 2/SHARP_20_Epoch_10_Test_Suite/launch_lab2_10test_suite_v2.sh,Studies/SHARP/Architecture_Ablation/launch_lab2_10test_suite_v2.sh
Lab 2/SHARP_20_Epoch_10_Test_Suite/launch_lab2_10test_suite_v3.sh,Studies/SHARP/Architecture_Ablation/launch_lab2_10test_suite_v3.sh
Lab 2/SHARP_20_Epoch_10_Test_Suite/launch_lab2_10test_suite_v4.sh,Studies/SHARP/Architecture_Ablation/launch_lab2_10test_suite_v4.sh
Lab 2/SHARP_20_Epoch_10_Test_Suite/launch_lab2_10test_suite_v5.sh,Studies/SHARP/Architecture_Ablation/launch_lab2_10test_suite_v5.sh
Lab 2/SHARP_20_Epoch_10_Test_Suite/patch_uncertainty_context_ddp.py,Studies/SHARP/Architecture_Ablation/patch_uncertainty_context_ddp.py
Lab 2/SHARP_20_Epoch_10_Test_Suite/patch_uncertainty_runner_sync_cuda.py,Studies/SHARP/Architecture_Ablation/patch_uncertainty_runner_sync_cuda.py
Lab 2/SHARP_20_Epoch_10_Test_Suite/patch_uncertainty_target_context_cuda.py,Studies/SHARP/Architecture_Ablation/patch_uncertainty_target_context_cuda.py
Lab 2/SHARP_20_Epoch_10_Test_Suite/preflight_suite.py,Studies/SHARP/Architecture_Ablation/preflight_suite.py
Lab 2/SHARP_20_Epoch_10_Test_Suite/prepare_lab2_nvidia_58015903_userspace.sh,Studies/SHARP/Architecture_Ablation/prepare_lab2_nvidia_58015903_userspace.sh
Lab 2/SHARP_20_Epoch_10_Test_Suite/publish_lab2_10test_snapshot.sh,Studies/SHARP/Architecture_Ablation/publish_lab2_10test_snapshot.sh
Lab 2/SHARP_20_Epoch_10_Test_Suite/recover_and_resume_lab2_10test.sh,Studies/SHARP/Architecture_Ablation/recover_and_resume_lab2_10test.sh
Lab 2/SHARP_20_Epoch_10_Test_Suite/recover_and_resume_lab2_10test_cuda.sh,Studies/SHARP/Architecture_Ablation/recover_and_resume_lab2_10test_cuda.sh
Lab 2/SHARP_20_Epoch_10_Test_Suite/restart_lab2_after_async_cuda_failure.sh,Studies/SHARP/Architecture_Ablation/restart_lab2_after_async_cuda_failure.sh
Lab 2/SHARP_20_Epoch_10_Test_Suite/run_10_test_suite.sh,Studies/SHARP/Architecture_Ablation/run_10_test_suite.sh
Lab 2/SHARP_20_Epoch_10_Test_Suite/runtime/ablation_modules.py,Studies/SHARP/Architecture_Ablation/runtime/ablation_modules.py
Lab 2/SHARP_20_Epoch_10_Test_Suite/runtime/sitecustomize.py,Studies/SHARP/Architecture_Ablation/runtime/sitecustomize.py
Lab 2/SHARP_20_Epoch_10_Test_Suite/runtime/temporal_mamba_replacement.py,Studies/SHARP/Architecture_Ablation/runtime/temporal_mamba_replacement.py
Lab 2/SHARP_20_Epoch_10_Test_Suite/setup_lab2_sharp_20epoch_10test.py,Studies/SHARP/Architecture_Ablation/setup_lab2_sharp_20epoch_10test.py
Lab 2/SHARP_20_Epoch_10_Test_Suite/setup_lab2_sharp_20epoch_10test_v2.py,Studies/SHARP/Architecture_Ablation/setup_lab2_sharp_20epoch_10test_v2.py
Lab 2/SHARP_20_Epoch_10_Test_Suite/setup_lab2_sharp_20epoch_10test_v3.py,Studies/SHARP/Architecture_Ablation/setup_lab2_sharp_20epoch_10test_v3.py
Lab 2/SHARP_20_Epoch_10_Test_Suite/setup_lab2_sharp_20epoch_10test_v4.py,Studies/SHARP/Architecture_Ablation/setup_lab2_sharp_20epoch_10test_v4.py
Lab 2/SHARP_20_Epoch_10_Test_Suite/setup_lab2_sharp_20epoch_10test_v5.py,Studies/SHARP/Architecture_Ablation/setup_lab2_sharp_20epoch_10test_v5.py
Lab 2/SHARP_20_Epoch_10_Test_Suite/suite_status.py,Studies/SHARP/Architecture_Ablation/suite_status.py
Lab 2/SHARP_20_Epoch_10_Test_Suite/summarize_variant.py,Studies/SHARP/Architecture_Ablation/summarize_variant.py
Lab 2/SHARP_20_Epoch_10_Test_Suite/test_patch_uncertainty_context_ddp.py,Studies/SHARP/Architecture_Ablation/test_patch_uncertainty_context_ddp.py
Lab 2/SHARP_20_Epoch_10_Test_Suite/test_patch_uncertainty_target_context_cuda.py,Studies/SHARP/Architecture_Ablation/test_patch_uncertainty_target_context_cuda.py
Lab 2/SHARP_20_Epoch_10_Test_Suite/validate_uncertainty_ddp_bridge.py,Studies/SHARP/Architecture_Ablation/validate_uncertainty_ddp_bridge.py
Lab 2/SHARP_20_Epoch_10_Test_Suite/validate_uncertainty_target_context_cuda.py,Studies/SHARP/Architecture_Ablation/validate_uncertainty_target_context_cuda.py
Lab 2/SHARP_Final_3_Run_Suite/.gitignore,Studies/SHARP/Architecture_Integration/.gitignore
Lab 2/SHARP_Final_3_Run_Suite/ARTICLE_CODE_ALIGNMENT.md,Studies/SHARP/Architecture_Integration/ARTICLE_CODE_ALIGNMENT.md
Lab 2/SHARP_Final_3_Run_Suite/README.md,Studies/SHARP/Architecture_Integration/README.md
Lab 2/SHARP_Final_3_Run_Suite/Results/SHARP_FINAL_3RUN_20260825-144225/Current_Progress/.gitignore,Studies/SHARP/Architecture_Integration/Results/SHARP_FINAL_3RUN_20260825-144225/Current_Progress/.gitignore
Lab 2/SHARP_Final_3_Run_Suite/Results/SHARP_FINAL_3RUN_20260825-144225/Current_Progress/CHECKPOINTS.txt,Studies/SHARP/Architecture_Integration/Results/SHARP_FINAL_3RUN_20260825-144225/Current_Progress/CHECKPOINTS.txt
Lab 2/SHARP_Final_3_Run_Suite/Results/SHARP_FINAL_3RUN_20260825-144225/Current_Progress/PROCESS_STATUS.txt,Studies/SHARP/Architecture_Integration/Results/SHARP_FINAL_3RUN_20260825-144225/Current_Progress/PROCESS_STATUS.txt
Lab 2/SHARP_Final_3_Run_Suite/Results/SHARP_FINAL_3RUN_20260825-144225/Current_Progress/RUN_STATUS.txt,Studies/SHARP/Architecture_Integration/Results/SHARP_FINAL_3RUN_20260825-144225/Current_Progress/RUN_STATUS.txt
Lab 2/SHARP_Final_3_Run_Suite/Results/SHARP_FINAL_3RUN_20260825-144225/Current_Progress/Summary.md,Studies/SHARP/Architecture_Integration/Results/SHARP_FINAL_3RUN_20260825-144225/Current_Progress/Summary.md
Lab 2/SHARP_Final_3_Run_Suite/Results/SHARP_FINAL_3RUN_20260825-144225/Current_Progress/Terminal.txt,Studies/SHARP/Architecture_Integration/Results/SHARP_FINAL_3RUN_20260825-144225/Current_Progress/Terminal.txt
Lab 2/SHARP_Final_3_Run_Suite/Results/SHARP_FINAL_3RUN_20260825-174605/01_official_sharp_baseline/.gitignore,Studies/SHARP/Architecture_Integration/Results/SHARP_FINAL_3RUN_20260825-174605/01_official_sharp_baseline/.gitignore
Lab 2/SHARP_Final_3_Run_Suite/Results/SHARP_FINAL_3RUN_20260825-174605/01_official_sharp_baseline/ARCHITECTURE_AUDIT.txt,Studies/SHARP/Architecture_Integration/Results/SHARP_FINAL_3RUN_20260825-174605/01_official_sharp_baseline/ARCHITECTURE_AUDIT.txt
Lab 2/SHARP_Final_3_Run_Suite/Results/SHARP_FINAL_3RUN_20260825-174605/01_official_sharp_baseline/ATTEMPTS.tsv,Studies/SHARP/Architecture_Integration/Results/SHARP_FINAL_3RUN_20260825-174605/01_official_sharp_baseline/ATTEMPTS.tsv
Lab 2/SHARP_Final_3_Run_Suite/Results/SHARP_FINAL_3RUN_20260825-174605/01_official_sharp_baseline/BEST_CHECKPOINT.txt,Studies/SHARP/Architecture_Integration/Results/SHARP_FINAL_3RUN_20260825-174605/01_official_sharp_baseline/BEST_CHECKPOINT.txt
Lab 2/SHARP_Final_3_Run_Suite/Results/SHARP_FINAL_3RUN_20260825-174605/01_official_sharp_baseline/CHECKPOINTS.txt,Studies/SHARP/Architecture_Integration/Results/SHARP_FINAL_3RUN_20260825-174605/01_official_sharp_baseline/CHECKPOINTS.txt
Lab 2/SHARP_Final_3_Run_Suite/Results/SHARP_FINAL_3RUN_20260825-174605/01_official_sharp_baseline/RUN_TIMING.json,Studies/SHARP/Architecture_Integration/Results/SHARP_FINAL_3RUN_20260825-174605/01_official_sharp_baseline/RUN_TIMING.json
Lab 2/SHARP_Final_3_Run_Suite/Results/SHARP_FINAL_3RUN_20260825-174605/01_official_sharp_baseline/Summary.md,Studies/SHARP/Architecture_Integration/Results/SHARP_FINAL_3RUN_20260825-174605/01_official_sharp_baseline/Summary.md
Lab 2/SHARP_Final_3_Run_Suite/Results/SHARP_FINAL_3RUN_20260825-174605/01_official_sharp_baseline/TRAIN_COMMAND.txt,Studies/SHARP/Architecture_Integration/Results/SHARP_FINAL_3RUN_20260825-174605/01_official_sharp_baseline/TRAIN_COMMAND.txt
Lab 2/SHARP_Final_3_Run_Suite/Results/SHARP_FINAL_3RUN_20260825-174605/01_official_sharp_baseline/Terminal.txt,Studies/SHARP/Architecture_Integration/Results/SHARP_FINAL_3RUN_20260825-174605/01_official_sharp_baseline/Terminal.txt
Lab 2/SHARP_Final_3_Run_Suite/Results/SHARP_FINAL_3RUN_20260825-174605/01_official_sharp_baseline/evaluation.log,Studies/SHARP/Architecture_Integration/Results/SHARP_FINAL_3RUN_20260825-174605/01_official_sharp_baseline/evaluation.log
Lab 2/SHARP_Final_3_Run_Suite/Results/SHARP_FINAL_3RUN_20260825-174605/01_official_sharp_baseline/final_metrics.csv,Studies/SHARP/Architecture_Integration/Results/SHARP_FINAL_3RUN_20260825-174605/01_official_sharp_baseline/final_metrics.csv
Lab 2/SHARP_Final_3_Run_Suite/Results/SHARP_FINAL_3RUN_20260825-174605/01_official_sharp_baseline/hydra_overrides.yaml,Studies/SHARP/Architecture_Integration/Results/SHARP_FINAL_3RUN_20260825-174605/01_official_sharp_baseline/hydra_overrides.yaml
Lab 2/SHARP_Final_3_Run_Suite/Results/SHARP_FINAL_3RUN_20260825-174605/01_official_sharp_baseline/metrics.json,Studies/SHARP/Architecture_Integration/Results/SHARP_FINAL_3RUN_20260825-174605/01_official_sharp_baseline/metrics.json
Lab 2/SHARP_Final_3_Run_Suite/Results/SHARP_FINAL_3RUN_20260825-174605/01_official_sharp_baseline/metrics_history.csv,Studies/SHARP/Architecture_Integration/Results/SHARP_FINAL_3RUN_20260825-174605/01_official_sharp_baseline/metrics_history.csv
Lab 2/SHARP_Final_3_Run_Suite/Results/SHARP_FINAL_3RUN_20260825-174605/01_official_sharp_baseline/metrics_history.md,Studies/SHARP/Architecture_Integration/Results/SHARP_FINAL_3RUN_20260825-174605/01_official_sharp_baseline/metrics_history.md
Lab 2/SHARP_Final_3_Run_Suite/Results/SHARP_FINAL_3RUN_20260825-174605/01_official_sharp_baseline/minADE6_curve.png,Studies/SHARP/Architecture_Integration/Results/SHARP_FINAL_3RUN_20260825-174605/01_official_sharp_baseline/minADE6_curve.png
Lab 2/SHARP_Final_3_Run_Suite/Results/SHARP_FINAL_3RUN_20260825-174605/01_official_sharp_baseline/minADE6_curve.svg,Studies/SHARP/Architecture_Integration/Results/SHARP_FINAL_3RUN_20260825-174605/01_official_sharp_baseline/minADE6_curve.svg
Lab 2/SHARP_Final_3_Run_Suite/Results/SHARP_FINAL_3RUN_20260825-174605/01_official_sharp_baseline/resolved_config.yaml,Studies/SHARP/Architecture_Integration/Results/SHARP_FINAL_3RUN_20260825-174605/01_official_sharp_baseline/resolved_config.yaml
Lab 2/SHARP_Final_3_Run_Suite/Results/SHARP_FINAL_3RUN_20260825-174605/01_official_sharp_baseline/training_metrics.png,Studies/SHARP/Architecture_Integration/Results/SHARP_FINAL_3RUN_20260825-174605/01_official_sharp_baseline/training_metrics.png
Lab 2/SHARP_Final_3_Run_Suite/Results/SHARP_FINAL_3RUN_20260825-174605/01_official_sharp_baseline/training_metrics.svg,Studies/SHARP/Architecture_Integration/Results/SHARP_FINAL_3RUN_20260825-174605/01_official_sharp_baseline/training_metrics.svg
Lab 2/SHARP_Final_3_Run_Suite/Results/SHARP_FINAL_3RUN_20260825-174605/01_official_sharp_baseline/warnings_and_errors.txt,Studies/SHARP/Architecture_Integration/Results/SHARP_FINAL_3RUN_20260825-174605/01_official_sharp_baseline/warnings_and_errors.txt
Lab 2/SHARP_Final_3_Run_Suite/Results/SHARP_FINAL_3RUN_20260825-174605/02_qknorm_uncertainty_geometry/.gitignore,Studies/SHARP/Architecture_Integration/Results/SHARP_FINAL_3RUN_20260825-174605/02_qknorm_uncertainty_geometry/.gitignore
Lab 2/SHARP_Final_3_Run_Suite/Results/SHARP_FINAL_3RUN_20260825-174605/02_qknorm_uncertainty_geometry/ARCHITECTURE_AUDIT.txt,Studies/SHARP/Architecture_Integration/Results/SHARP_FINAL_3RUN_20260825-174605/02_qknorm_uncertainty_geometry/ARCHITECTURE_AUDIT.txt
Lab 2/SHARP_Final_3_Run_Suite/Results/SHARP_FINAL_3RUN_20260825-174605/02_qknorm_uncertainty_geometry/ATTEMPTS.tsv,Studies/SHARP/Architecture_Integration/Results/SHARP_FINAL_3RUN_20260825-174605/02_qknorm_uncertainty_geometry/ATTEMPTS.tsv
Lab 2/SHARP_Final_3_Run_Suite/Results/SHARP_FINAL_3RUN_20260825-174605/02_qknorm_uncertainty_geometry/BEST_CHECKPOINT.txt,Studies/SHARP/Architecture_Integration/Results/SHARP_FINAL_3RUN_20260825-174605/02_qknorm_uncertainty_geometry/BEST_CHECKPOINT.txt
Lab 2/SHARP_Final_3_Run_Suite/Results/SHARP_FINAL_3RUN_20260825-174605/02_qknorm_uncertainty_geometry/CHECKPOINTS.txt,Studies/SHARP/Architecture_Integration/Results/SHARP_FINAL_3RUN_20260825-174605/02_qknorm_uncertainty_geometry/CHECKPOINTS.txt
Lab 2/SHARP_Final_3_Run_Suite/Results/SHARP_FINAL_3RUN_20260825-174605/02_qknorm_uncertainty_geometry/RUN_TIMING.json,Studies/SHARP/Architecture_Integration/Results/SHARP_FINAL_3RUN_20260825-174605/02_qknorm_uncertainty_geometry/RUN_TIMING.json
Lab 2/SHARP_Final_3_Run_Suite/Results/SHARP_FINAL_3RUN_20260825-174605/02_qknorm_uncertainty_geometry/Summary.md,Studies/SHARP/Architecture_Integration/Results/SHARP_FINAL_3RUN_20260825-174605/02_qknorm_uncertainty_geometry/Summary.md
Lab 2/SHARP_Final_3_Run_Suite/Results/SHARP_FINAL_3RUN_20260825-174605/02_qknorm_uncertainty_geometry/TRAIN_COMMAND.txt,Studies/SHARP/Architecture_Integration/Results/SHARP_FINAL_3RUN_20260825-174605/02_qknorm_uncertainty_geometry/TRAIN_COMMAND.txt
Lab 2/SHARP_Final_3_Run_Suite/Results/SHARP_FINAL_3RUN_20260825-174605/02_qknorm_uncertainty_geometry/Terminal.txt,Studies/SHARP/Architecture_Integration/Results/SHARP_FINAL_3RUN_20260825-174605/02_qknorm_uncertainty_geometry/Terminal.txt
Lab 2/SHARP_Final_3_Run_Suite/Results/SHARP_FINAL_3RUN_20260825-174605/02_qknorm_uncertainty_geometry/evaluation.log,Studies/SHARP/Architecture_Integration/Results/SHARP_FINAL_3RUN_20260825-174605/02_qknorm_uncertainty_geometry/evaluation.log
Lab 2/SHARP_Final_3_Run_Suite/Results/SHARP_FINAL_3RUN_20260825-174605/02_qknorm_uncertainty_geometry/final_metrics.csv,Studies/SHARP/Architecture_Integration/Results/SHARP_FINAL_3RUN_20260825-174605/02_qknorm_uncertainty_geometry/final_metrics.csv
Lab 2/SHARP_Final_3_Run_Suite/Results/SHARP_FINAL_3RUN_20260825-174605/02_qknorm_uncertainty_geometry/hydra_overrides.yaml,Studies/SHARP/Architecture_Integration/Results/SHARP_FINAL_3RUN_20260825-174605/02_qknorm_uncertainty_geometry/hydra_overrides.yaml
Lab 2/SHARP_Final_3_Run_Suite/Results/SHARP_FINAL_3RUN_20260825-174605/02_qknorm_uncertainty_geometry/metrics.json,Studies/SHARP/Architecture_Integration/Results/SHARP_FINAL_3RUN_20260825-174605/02_qknorm_uncertainty_geometry/metrics.json
Lab 2/SHARP_Final_3_Run_Suite/Results/SHARP_FINAL_3RUN_20260825-174605/02_qknorm_uncertainty_geometry/metrics_history.csv,Studies/SHARP/Architecture_Integration/Results/SHARP_FINAL_3RUN_20260825-174605/02_qknorm_uncertainty_geometry/metrics_history.csv
Lab 2/SHARP_Final_3_Run_Suite/Results/SHARP_FINAL_3RUN_20260825-174605/02_qknorm_uncertainty_geometry/metrics_history.md,Studies/SHARP/Architecture_Integration/Results/SHARP_FINAL_3RUN_20260825-174605/02_qknorm_uncertainty_geometry/metrics_history.md
Lab 2/SHARP_Final_3_Run_Suite/Results/SHARP_FINAL_3RUN_20260825-174605/02_qknorm_uncertainty_geometry/minADE6_curve.png,Studies/SHARP/Architecture_Integration/Results/SHARP_FINAL_3RUN_20260825-174605/02_qknorm_uncertainty_geometry/minADE6_curve.png
Lab 2/SHARP_Final_3_Run_Suite/Results/SHARP_FINAL_3RUN_20260825-174605/02_qknorm_uncertainty_geometry/minADE6_curve.svg,Studies/SHARP/Architecture_Integration/Results/SHARP_FINAL_3RUN_20260825-174605/02_qknorm_uncertainty_geometry/minADE6_curve.svg
Lab 2/SHARP_Final_3_Run_Suite/Results/SHARP_FINAL_3RUN_20260825-174605/02_qknorm_uncertainty_geometry/resolved_config.yaml,Studies/SHARP/Architecture_Integration/Results/SHARP_FINAL_3RUN_20260825-174605/02_qknorm_uncertainty_geometry/resolved_config.yaml
Lab 2/SHARP_Final_3_Run_Suite/Results/SHARP_FINAL_3RUN_20260825-174605/02_qknorm_uncertainty_geometry/training_metrics.png,Studies/SHARP/Architecture_Integration/Results/SHARP_FINAL_3RUN_20260825-174605/02_qknorm_uncertainty_geometry/training_metrics.png
Lab 2/SHARP_Final_3_Run_Suite/Results/SHARP_FINAL_3RUN_20260825-174605/02_qknorm_uncertainty_geometry/training_metrics.svg,Studies/SHARP/Architecture_Integration/Results/SHARP_FINAL_3RUN_20260825-174605/02_qknorm_uncertainty_geometry/training_metrics.svg
Lab 2/SHARP_Final_3_Run_Suite/Results/SHARP_FINAL_3RUN_20260825-174605/02_qknorm_uncertainty_geometry/warnings_and_errors.txt,Studies/SHARP/Architecture_Integration/Results/SHARP_FINAL_3RUN_20260825-174605/02_qknorm_uncertainty_geometry/warnings_and_errors.txt
Lab 2/SHARP_Final_3_Run_Suite/Results/SHARP_FINAL_3RUN_20260825-174605/Comparison/Comparison.md,Studies/SHARP/Architecture_Integration/Results/SHARP_FINAL_3RUN_20260825-174605/Comparison/Comparison.md
Lab 2/SHARP_Final_3_Run_Suite/Results/SHARP_FINAL_3RUN_20260825-174605/Comparison/comparison.csv,Studies/SHARP/Architecture_Integration/Results/SHARP_FINAL_3RUN_20260825-174605/Comparison/comparison.csv
Lab 2/SHARP_Final_3_Run_Suite/Results/SHARP_FINAL_3RUN_20260825-174605/Comparison/comparison_metrics.png,Studies/SHARP/Architecture_Integration/Results/SHARP_FINAL_3RUN_20260825-174605/Comparison/comparison_metrics.png
Lab 2/SHARP_Final_3_Run_Suite/Results/SHARP_FINAL_3RUN_20260825-174605/Comparison/comparison_metrics.svg,Studies/SHARP/Architecture_Integration/Results/SHARP_FINAL_3RUN_20260825-174605/Comparison/comparison_metrics.svg
Lab 2/SHARP_Final_3_Run_Suite/Results/SHARP_FINAL_3RUN_20260825-174605/Comparison/environment/PINNED_SOURCE_SHA256.txt,Studies/SHARP/Architecture_Integration/Results/SHARP_FINAL_3RUN_20260825-174605/Comparison/environment/PINNED_SOURCE_SHA256.txt
Lab 2/SHARP_Final_3_Run_Suite/Results/SHARP_FINAL_3RUN_20260825-174605/Comparison/environment/SUITE_MANIFEST.json,Studies/SHARP/Architecture_Integration/Results/SHARP_FINAL_3RUN_20260825-174605/Comparison/environment/SUITE_MANIFEST.json
Lab 2/SHARP_Final_3_Run_Suite/Results/SHARP_FINAL_3RUN_20260825-174605/Comparison/environment/lscpu.txt,Studies/SHARP/Architecture_Integration/Results/SHARP_FINAL_3RUN_20260825-174605/Comparison/environment/lscpu.txt
Lab 2/SHARP_Final_3_Run_Suite/Results/SHARP_FINAL_3RUN_20260825-174605/Comparison/environment/memory.txt,Studies/SHARP/Architecture_Integration/Results/SHARP_FINAL_3RUN_20260825-174605/Comparison/environment/memory.txt
Lab 2/SHARP_Final_3_Run_Suite/Results/SHARP_FINAL_3RUN_20260825-174605/Comparison/environment/nvidia-smi-q.txt,Studies/SHARP/Architecture_Integration/Results/SHARP_FINAL_3RUN_20260825-174605/Comparison/environment/nvidia-smi-q.txt
Lab 2/SHARP_Final_3_Run_Suite/Results/SHARP_FINAL_3RUN_20260825-174605/Comparison/environment/pip-freeze.txt,Studies/SHARP/Architecture_Integration/Results/SHARP_FINAL_3RUN_20260825-174605/Comparison/environment/pip-freeze.txt
Lab 2/SHARP_Final_3_Run_Suite/Results/SHARP_FINAL_3RUN_20260825-174605/Comparison/environment/system.txt,Studies/SHARP/Architecture_Integration/Results/SHARP_FINAL_3RUN_20260825-174605/Comparison/environment/system.txt
Lab 2/SHARP_Final_3_Run_Suite/Results/SHARP_FINAL_3RUN_20260825-174605/Current_Progress/.gitignore,Studies/SHARP/Architecture_Integration/Results/SHARP_FINAL_3RUN_20260825-174605/Current_Progress/.gitignore
Lab 2/SHARP_Final_3_Run_Suite/Results/SHARP_FINAL_3RUN_20260825-174605/Current_Progress/CHECKPOINTS.txt,Studies/SHARP/Architecture_Integration/Results/SHARP_FINAL_3RUN_20260825-174605/Current_Progress/CHECKPOINTS.txt
Lab 2/SHARP_Final_3_Run_Suite/Results/SHARP_FINAL_3RUN_20260825-174605/Current_Progress/PROCESS_STATUS.txt,Studies/SHARP/Architecture_Integration/Results/SHARP_FINAL_3RUN_20260825-174605/Current_Progress/PROCESS_STATUS.txt
Lab 2/SHARP_Final_3_Run_Suite/Results/SHARP_FINAL_3RUN_20260825-174605/Current_Progress/RUN_STATUS.txt,Studies/SHARP/Architecture_Integration/Results/SHARP_FINAL_3RUN_20260825-174605/Current_Progress/RUN_STATUS.txt
Lab 2/SHARP_Final_3_Run_Suite/Results/SHARP_FINAL_3RUN_20260825-174605/Current_Progress/Summary.md,Studies/SHARP/Architecture_Integration/Results/SHARP_FINAL_3RUN_20260825-174605/Current_Progress/Summary.md
Lab 2/SHARP_Final_3_Run_Suite/Results/SHARP_FINAL_3RUN_20260825-174605/Current_Progress/Terminal.txt,Studies/SHARP/Architecture_Integration/Results/SHARP_FINAL_3RUN_20260825-174605/Current_Progress/Terminal.txt
Lab 2/SHARP_Final_3_Run_Suite/TERMINAL_COMMANDS.md,Studies/SHARP/Architecture_Integration/TERMINAL_COMMANDS.md
Lab 2/SHARP_Final_3_Run_Suite/eval_checkpoint.py,Studies/SHARP/Architecture_Integration/eval_checkpoint.py
Lab 2/SHARP_Final_3_Run_Suite/generate_final_artifacts.py,Studies/SHARP/Architecture_Integration/generate_final_artifacts.py
Lab 2/SHARP_Final_3_Run_Suite/generate_progress_snapshot.py,Studies/SHARP/Architecture_Integration/generate_progress_snapshot.py
Lab 2/SHARP_Final_3_Run_Suite/launch_final_3run_suite.sh,Studies/SHARP/Architecture_Integration/launch_final_3run_suite.sh
Lab 2/SHARP_Final_3_Run_Suite/nccl_collective_preflight.py,Studies/SHARP/Architecture_Integration/nccl_collective_preflight.py
Lab 2/SHARP_Final_3_Run_Suite/preflight_final_suite.py,Studies/SHARP/Architecture_Integration/preflight_final_suite.py
Lab 2/SHARP_Final_3_Run_Suite/prepare_lab2_nvidia_58015903_userspace.sh,Studies/SHARP/Architecture_Integration/prepare_lab2_nvidia_58015903_userspace.sh
Lab 2/SHARP_Final_3_Run_Suite/publish_final_artifacts.sh,Studies/SHARP/Architecture_Integration/publish_final_artifacts.sh
Lab 2/SHARP_Final_3_Run_Suite/publish_progress_snapshot.sh,Studies/SHARP/Architecture_Integration/publish_progress_snapshot.sh
Lab 2/SHARP_Final_3_Run_Suite/recover_run2_cuda_index_failure.sh,Studies/SHARP/Architecture_Integration/recover_run2_cuda_index_failure.sh
Lab 2/SHARP_Final_3_Run_Suite/resume_after_terminal_publication_fix.sh,Studies/SHARP/Architecture_Integration/resume_after_terminal_publication_fix.sh
Lab 2/SHARP_Final_3_Run_Suite/run_final_3run_suite.sh,Studies/SHARP/Architecture_Integration/run_final_3run_suite.sh
Lab 2/SHARP_Final_3_Run_Suite/runtime/final_enhancements.py,Studies/SHARP/Architecture_Integration/runtime/final_enhancements.py
Lab 2/SHARP_Final_3_Run_Suite/runtime/metrics_history_callback.py,Studies/SHARP/Architecture_Integration/runtime/metrics_history_callback.py
Lab 2/SHARP_Final_3_Run_Suite/runtime/qknorm_attention.py,Studies/SHARP/Architecture_Integration/runtime/qknorm_attention.py
Lab 2/SHARP_Final_3_Run_Suite/runtime/sitecustomize.py,Studies/SHARP/Architecture_Integration/runtime/sitecustomize.py
Lab 2/SHARP_Final_3_Run_Suite/runtime/temporal_agent_mamba.py,Studies/SHARP/Architecture_Integration/runtime/temporal_agent_mamba.py
Lab 2/SHARP_Final_3_Run_Suite/setup_final_3run_suite.py,Studies/SHARP/Architecture_Integration/setup_final_3run_suite.py
Lab 2/SHARP_Final_3_Run_Suite/terminal_history.py,Studies/SHARP/Architecture_Integration/terminal_history.py
Lab 2/finalize_mamba_experiment.py,Studies/SHARP/State_Space_Integration/finalize_mamba_experiment.py
Lab 2/setup_lab2_sharp_mamba_article80.py,Studies/SHARP/State_Space_Integration/setup_lab2_sharp_mamba_article80.py
Lab 2/setup_lab2_sharp_mamba_fused80.py,Studies/SHARP/State_Space_Integration/setup_lab2_sharp_mamba_fused80.py
Lab 2/setup_lab2_sharp_mamba_v2.py,Studies/SHARP/State_Space_Integration/setup_lab2_sharp_mamba_v2.py
Lab 3/Codes/TERMINAL_COMMANDS_CLEAN_RESTART.md,Studies/SHARP/Attention_Operators/Codes/TERMINAL_COMMANDS_CLEAN_RESTART.md
Lab 3/Codes/TERMINAL_COMMANDS_LAB3_RECOVERY.md,Studies/SHARP/Attention_Operators/Codes/TERMINAL_COMMANDS_LAB3_RECOVERY.md
Lab 3/Codes/TERMINAL_COMMANDS_REMAINING_ATTENTION.md,Studies/SHARP/Attention_Operators/Codes/TERMINAL_COMMANDS_REMAINING_ATTENTION.md
Lab 3/Codes/generate_lab3_attention_snapshot.py,Studies/SHARP/Attention_Operators/Codes/generate_lab3_attention_snapshot.py
Lab 3/Codes/prepare_lab3_cuda126_env.sh,Studies/SHARP/Attention_Operators/Codes/prepare_lab3_cuda126_env.sh
Lab 3/Codes/prepare_remaining_attention_runtime.py,Studies/SHARP/Attention_Operators/Codes/prepare_remaining_attention_runtime.py
Lab 3/Codes/publish_lab3_attention_snapshot.sh,Studies/SHARP/Attention_Operators/Codes/publish_lab3_attention_snapshot.sh
Lab 3/Codes/recover_and_restart_lab3.sh,Studies/SHARP/Attention_Operators/Codes/recover_and_restart_lab3.sh
Lab 3/Codes/resume_qknorm_talking_heads_batch4.sh,Studies/SHARP/Attention_Operators/Codes/resume_qknorm_talking_heads_batch4.sh
Lab 3/Codes/resume_qknorm_talking_heads_oom_safe.sh,Studies/SHARP/Attention_Operators/Codes/resume_qknorm_talking_heads_oom_safe.sh
Lab 3/Codes/run_remaining_attention_suite.sh,Studies/SHARP/Attention_Operators/Codes/run_remaining_attention_suite.sh
Lab 3/Codes/run_remaining_attention_suite_resilient.sh,Studies/SHARP/Attention_Operators/Codes/run_remaining_attention_suite_resilient.sh
Lab 3/Codes/run_variant_resilient.sh,Studies/SHARP/Attention_Operators/Codes/run_variant_resilient.sh
Lab 3/Codes/validate_lab3_cuda_runtime.py,Studies/SHARP/Attention_Operators/Codes/validate_lab3_cuda_runtime.py
Lab 3/Main_Results/Attention_Experiments/Lab3_SHARP_Attention_qknorm_20260726-074139/.gitignore,Studies/SHARP/Attention_Operators/Main_Results/Attention_Experiments/Lab3_SHARP_Attention_qknorm_20260726-074139/.gitignore
Lab 3/Main_Results/Attention_Experiments/Lab3_SHARP_Attention_qknorm_20260726-074139/CHECKPOINTS.txt,Studies/SHARP/Attention_Operators/Main_Results/Attention_Experiments/Lab3_SHARP_Attention_qknorm_20260726-074139/CHECKPOINTS.txt
Lab 3/Main_Results/Attention_Experiments/Lab3_SHARP_Attention_qknorm_20260726-074139/MANIFEST.txt,Studies/SHARP/Attention_Operators/Main_Results/Attention_Experiments/Lab3_SHARP_Attention_qknorm_20260726-074139/MANIFEST.txt
Lab 3/Main_Results/Attention_Experiments/Lab3_SHARP_Attention_qknorm_20260726-074139/README.md,Studies/SHARP/Attention_Operators/Main_Results/Attention_Experiments/Lab3_SHARP_Attention_qknorm_20260726-074139/README.md
Lab 3/Main_Results/Attention_Experiments/Lab3_SHARP_Attention_qknorm_20260726-074139/SHA256SUMS.txt,Studies/SHARP/Attention_Operators/Main_Results/Attention_Experiments/Lab3_SHARP_Attention_qknorm_20260726-074139/SHA256SUMS.txt
Lab 3/Main_Results/Attention_Experiments/Lab3_SHARP_Attention_qknorm_20260726-074139/Terminal_Summary.txt,Studies/SHARP/Attention_Operators/Main_Results/Attention_Experiments/Lab3_SHARP_Attention_qknorm_20260726-074139/Terminal_Summary.txt
Lab 3/Main_Results/Attention_Experiments/Lab3_SHARP_Attention_qknorm_20260726-074139/conda-list.txt,Studies/SHARP/Attention_Operators/Main_Results/Attention_Experiments/Lab3_SHARP_Attention_qknorm_20260726-074139/conda-list.txt
Lab 3/Main_Results/Attention_Experiments/Lab3_SHARP_Attention_qknorm_20260726-074139/configuration/run/.hydra/config.yaml,Studies/SHARP/Attention_Operators/Main_Results/Attention_Experiments/Lab3_SHARP_Attention_qknorm_20260726-074139/configuration/run/.hydra/config.yaml
Lab 3/Main_Results/Attention_Experiments/Lab3_SHARP_Attention_qknorm_20260726-074139/configuration/run/.hydra/hydra.yaml,Studies/SHARP/Attention_Operators/Main_Results/Attention_Experiments/Lab3_SHARP_Attention_qknorm_20260726-074139/configuration/run/.hydra/hydra.yaml
Lab 3/Main_Results/Attention_Experiments/Lab3_SHARP_Attention_qknorm_20260726-074139/configuration/run/.hydra/overrides.yaml,Studies/SHARP/Attention_Operators/Main_Results/Attention_Experiments/Lab3_SHARP_Attention_qknorm_20260726-074139/configuration/run/.hydra/overrides.yaml
Lab 3/Main_Results/Attention_Experiments/Lab3_SHARP_Attention_qknorm_20260726-074139/experiment_manifest.json,Studies/SHARP/Attention_Operators/Main_Results/Attention_Experiments/Lab3_SHARP_Attention_qknorm_20260726-074139/experiment_manifest.json
Lab 3/Main_Results/Attention_Experiments/Lab3_SHARP_Attention_qknorm_20260726-074139/nvidia-smi.txt,Studies/SHARP/Attention_Operators/Main_Results/Attention_Experiments/Lab3_SHARP_Attention_qknorm_20260726-074139/nvidia-smi.txt
Lab 3/Main_Results/Attention_Experiments/Lab3_SHARP_Attention_qknorm_20260726-074139/pip-freeze.txt,Studies/SHARP/Attention_Operators/Main_Results/Attention_Experiments/Lab3_SHARP_Attention_qknorm_20260726-074139/pip-freeze.txt
Lab 3/Main_Results/Attention_Experiments/Lab3_SHARP_Attention_qknorm_20260726-074139/reproducibility/attention_variants.py,Studies/SHARP/Attention_Operators/Main_Results/Attention_Experiments/Lab3_SHARP_Attention_qknorm_20260726-074139/reproducibility/attention_variants.py
Lab 3/Main_Results/Attention_Experiments/Lab3_SHARP_Attention_qknorm_20260726-074139/reproducibility/custom_transformer_blocks.py,Studies/SHARP/Attention_Operators/Main_Results/Attention_Experiments/Lab3_SHARP_Attention_qknorm_20260726-074139/reproducibility/custom_transformer_blocks.py
Lab 3/Main_Results/Attention_Experiments/Lab3_SHARP_Attention_qknorm_20260726-074139/reproducibility/experiment_manifest.json,Studies/SHARP/Attention_Operators/Main_Results/Attention_Experiments/Lab3_SHARP_Attention_qknorm_20260726-074139/reproducibility/experiment_manifest.json
Lab 3/Main_Results/Attention_Experiments/Lab3_SHARP_Attention_qknorm_20260726-074139/reproducibility/pl_modules.py,Studies/SHARP/Attention_Operators/Main_Results/Attention_Experiments/Lab3_SHARP_Attention_qknorm_20260726-074139/reproducibility/pl_modules.py
Lab 3/Main_Results/Attention_Experiments/Lab3_SHARP_Attention_qknorm_20260726-074139/reproducibility/run_variant.sh,Studies/SHARP/Attention_Operators/Main_Results/Attention_Experiments/Lab3_SHARP_Attention_qknorm_20260726-074139/reproducibility/run_variant.sh
Lab 3/Main_Results/Attention_Experiments/Lab3_SHARP_Attention_qknorm_20260726-074139/reproducibility/transformer_blocks.py,Studies/SHARP/Attention_Operators/Main_Results/Attention_Experiments/Lab3_SHARP_Attention_qknorm_20260726-074139/reproducibility/transformer_blocks.py
Lab 3/Main_Results/Attention_Experiments/Lab3_SHARP_Attention_qknorm_completed_20260731-200639/.gitignore,Studies/SHARP/Attention_Operators/Main_Results/Attention_Experiments/Lab3_SHARP_Attention_qknorm_completed_20260731-200639/.gitignore
Lab 3/Main_Results/Attention_Experiments/Lab3_SHARP_Attention_qknorm_completed_20260731-200639/CHECKPOINTS.txt,Studies/SHARP/Attention_Operators/Main_Results/Attention_Experiments/Lab3_SHARP_Attention_qknorm_completed_20260731-200639/CHECKPOINTS.txt
Lab 3/Main_Results/Attention_Experiments/Lab3_SHARP_Attention_qknorm_completed_20260731-200639/COMPLETE,Studies/SHARP/Attention_Operators/Main_Results/Attention_Experiments/Lab3_SHARP_Attention_qknorm_completed_20260731-200639/COMPLETE
Lab 3/Main_Results/Attention_Experiments/Lab3_SHARP_Attention_qknorm_completed_20260731-200639/FINAL_METRICS.json,Studies/SHARP/Attention_Operators/Main_Results/Attention_Experiments/Lab3_SHARP_Attention_qknorm_completed_20260731-200639/FINAL_METRICS.json
Lab 3/Main_Results/Attention_Experiments/Lab3_SHARP_Attention_qknorm_completed_20260731-200639/MANIFEST.txt,Studies/SHARP/Attention_Operators/Main_Results/Attention_Experiments/Lab3_SHARP_Attention_qknorm_completed_20260731-200639/MANIFEST.txt
Lab 3/Main_Results/Attention_Experiments/Lab3_SHARP_Attention_qknorm_completed_20260731-200639/README.md,Studies/SHARP/Attention_Operators/Main_Results/Attention_Experiments/Lab3_SHARP_Attention_qknorm_completed_20260731-200639/README.md
Lab 3/Main_Results/Attention_Experiments/Lab3_SHARP_Attention_qknorm_completed_20260731-200639/SHA256SUMS.txt,Studies/SHARP/Attention_Operators/Main_Results/Attention_Experiments/Lab3_SHARP_Attention_qknorm_completed_20260731-200639/SHA256SUMS.txt
Lab 3/Main_Results/Attention_Experiments/Lab3_SHARP_Attention_qknorm_completed_20260731-200639/Terminal_Summary.txt,Studies/SHARP/Attention_Operators/Main_Results/Attention_Experiments/Lab3_SHARP_Attention_qknorm_completed_20260731-200639/Terminal_Summary.txt
Lab 3/Main_Results/Attention_Experiments/Lab3_SHARP_Attention_qknorm_completed_20260731-200639/best_checkpoint.txt,Studies/SHARP/Attention_Operators/Main_Results/Attention_Experiments/Lab3_SHARP_Attention_qknorm_completed_20260731-200639/best_checkpoint.txt
Lab 3/Main_Results/Attention_Experiments/Lab3_SHARP_Attention_qknorm_completed_20260731-200639/conda-list.txt,Studies/SHARP/Attention_Operators/Main_Results/Attention_Experiments/Lab3_SHARP_Attention_qknorm_completed_20260731-200639/conda-list.txt
Lab 3/Main_Results/Attention_Experiments/Lab3_SHARP_Attention_qknorm_completed_20260731-200639/configuration/eval/.hydra/config.yaml,Studies/SHARP/Attention_Operators/Main_Results/Attention_Experiments/Lab3_SHARP_Attention_qknorm_completed_20260731-200639/configuration/eval/.hydra/config.yaml
Lab 3/Main_Results/Attention_Experiments/Lab3_SHARP_Attention_qknorm_completed_20260731-200639/configuration/eval/.hydra/hydra.yaml,Studies/SHARP/Attention_Operators/Main_Results/Attention_Experiments/Lab3_SHARP_Attention_qknorm_completed_20260731-200639/configuration/eval/.hydra/hydra.yaml
Lab 3/Main_Results/Attention_Experiments/Lab3_SHARP_Attention_qknorm_completed_20260731-200639/configuration/eval/.hydra/overrides.yaml,Studies/SHARP/Attention_Operators/Main_Results/Attention_Experiments/Lab3_SHARP_Attention_qknorm_completed_20260731-200639/configuration/eval/.hydra/overrides.yaml
Lab 3/Main_Results/Attention_Experiments/Lab3_SHARP_Attention_qknorm_completed_20260731-200639/configuration/run/.hydra/config.yaml,Studies/SHARP/Attention_Operators/Main_Results/Attention_Experiments/Lab3_SHARP_Attention_qknorm_completed_20260731-200639/configuration/run/.hydra/config.yaml
Lab 3/Main_Results/Attention_Experiments/Lab3_SHARP_Attention_qknorm_completed_20260731-200639/configuration/run/.hydra/hydra.yaml,Studies/SHARP/Attention_Operators/Main_Results/Attention_Experiments/Lab3_SHARP_Attention_qknorm_completed_20260731-200639/configuration/run/.hydra/hydra.yaml
Lab 3/Main_Results/Attention_Experiments/Lab3_SHARP_Attention_qknorm_completed_20260731-200639/configuration/run/.hydra/overrides.yaml,Studies/SHARP/Attention_Operators/Main_Results/Attention_Experiments/Lab3_SHARP_Attention_qknorm_completed_20260731-200639/configuration/run/.hydra/overrides.yaml
Lab 3/Main_Results/Attention_Experiments/Lab3_SHARP_Attention_qknorm_completed_20260731-200639/experiment_manifest.json,Studies/SHARP/Attention_Operators/Main_Results/Attention_Experiments/Lab3_SHARP_Attention_qknorm_completed_20260731-200639/experiment_manifest.json
Lab 3/Main_Results/Attention_Experiments/Lab3_SHARP_Attention_qknorm_completed_20260731-200639/nvidia-smi.txt,Studies/SHARP/Attention_Operators/Main_Results/Attention_Experiments/Lab3_SHARP_Attention_qknorm_completed_20260731-200639/nvidia-smi.txt
Lab 3/Main_Results/Attention_Experiments/Lab3_SHARP_Attention_qknorm_completed_20260731-200639/pip-freeze.txt,Studies/SHARP/Attention_Operators/Main_Results/Attention_Experiments/Lab3_SHARP_Attention_qknorm_completed_20260731-200639/pip-freeze.txt
Lab 3/Main_Results/Attention_Experiments/Lab3_SHARP_Attention_qknorm_completed_20260731-200639/reproducibility/attention_variants.py,Studies/SHARP/Attention_Operators/Main_Results/Attention_Experiments/Lab3_SHARP_Attention_qknorm_completed_20260731-200639/reproducibility/attention_variants.py
Lab 3/Main_Results/Attention_Experiments/Lab3_SHARP_Attention_qknorm_completed_20260731-200639/reproducibility/custom_transformer_blocks.py,Studies/SHARP/Attention_Operators/Main_Results/Attention_Experiments/Lab3_SHARP_Attention_qknorm_completed_20260731-200639/reproducibility/custom_transformer_blocks.py
Lab 3/Main_Results/Attention_Experiments/Lab3_SHARP_Attention_qknorm_completed_20260731-200639/reproducibility/experiment_manifest.json,Studies/SHARP/Attention_Operators/Main_Results/Attention_Experiments/Lab3_SHARP_Attention_qknorm_completed_20260731-200639/reproducibility/experiment_manifest.json
Lab 3/Main_Results/Attention_Experiments/Lab3_SHARP_Attention_qknorm_completed_20260731-200639/reproducibility/pl_modules.py,Studies/SHARP/Attention_Operators/Main_Results/Attention_Experiments/Lab3_SHARP_Attention_qknorm_completed_20260731-200639/reproducibility/pl_modules.py
Lab 3/Main_Results/Attention_Experiments/Lab3_SHARP_Attention_qknorm_completed_20260731-200639/reproducibility/run_variant.sh,Studies/SHARP/Attention_Operators/Main_Results/Attention_Experiments/Lab3_SHARP_Attention_qknorm_completed_20260731-200639/reproducibility/run_variant.sh
Lab 3/Main_Results/Attention_Experiments/Lab3_SHARP_Attention_qknorm_completed_20260731-200639/reproducibility/transformer_blocks.py,Studies/SHARP/Attention_Operators/Main_Results/Attention_Experiments/Lab3_SHARP_Attention_qknorm_completed_20260731-200639/reproducibility/transformer_blocks.py
Lab 3/Main_Results/Attention_Experiments/Lab3_SHARP_Attention_qknorm_talking_heads_completed_20260817-184031/.gitignore,Studies/SHARP/Attention_Operators/Main_Results/Attention_Experiments/Lab3_SHARP_Attention_qknorm_talking_heads_completed_20260817-184031/.gitignore
Lab 3/Main_Results/Attention_Experiments/Lab3_SHARP_Attention_qknorm_talking_heads_completed_20260817-184031/CHECKPOINTS.txt,Studies/SHARP/Attention_Operators/Main_Results/Attention_Experiments/Lab3_SHARP_Attention_qknorm_talking_heads_completed_20260817-184031/CHECKPOINTS.txt
Lab 3/Main_Results/Attention_Experiments/Lab3_SHARP_Attention_qknorm_talking_heads_completed_20260817-184031/COMPLETE,Studies/SHARP/Attention_Operators/Main_Results/Attention_Experiments/Lab3_SHARP_Attention_qknorm_talking_heads_completed_20260817-184031/COMPLETE
Lab 3/Main_Results/Attention_Experiments/Lab3_SHARP_Attention_qknorm_talking_heads_completed_20260817-184031/FINAL_METRICS.json,Studies/SHARP/Attention_Operators/Main_Results/Attention_Experiments/Lab3_SHARP_Attention_qknorm_talking_heads_completed_20260817-184031/FINAL_METRICS.json
Lab 3/Main_Results/Attention_Experiments/Lab3_SHARP_Attention_qknorm_talking_heads_completed_20260817-184031/MANIFEST.txt,Studies/SHARP/Attention_Operators/Main_Results/Attention_Experiments/Lab3_SHARP_Attention_qknorm_talking_heads_completed_20260817-184031/MANIFEST.txt
Lab 3/Main_Results/Attention_Experiments/Lab3_SHARP_Attention_qknorm_talking_heads_completed_20260817-184031/README.md,Studies/SHARP/Attention_Operators/Main_Results/Attention_Experiments/Lab3_SHARP_Attention_qknorm_talking_heads_completed_20260817-184031/README.md
Lab 3/Main_Results/Attention_Experiments/Lab3_SHARP_Attention_qknorm_talking_heads_completed_20260817-184031/SHA256SUMS.txt,Studies/SHARP/Attention_Operators/Main_Results/Attention_Experiments/Lab3_SHARP_Attention_qknorm_talking_heads_completed_20260817-184031/SHA256SUMS.txt
Lab 3/Main_Results/Attention_Experiments/Lab3_SHARP_Attention_qknorm_talking_heads_completed_20260817-184031/Terminal_Summary.txt,Studies/SHARP/Attention_Operators/Main_Results/Attention_Experiments/Lab3_SHARP_Attention_qknorm_talking_heads_completed_20260817-184031/Terminal_Summary.txt
Lab 3/Main_Results/Attention_Experiments/Lab3_SHARP_Attention_qknorm_talking_heads_completed_20260817-184031/best_checkpoint.txt,Studies/SHARP/Attention_Operators/Main_Results/Attention_Experiments/Lab3_SHARP_Attention_qknorm_talking_heads_completed_20260817-184031/best_checkpoint.txt
Lab 3/Main_Results/Attention_Experiments/Lab3_SHARP_Attention_qknorm_talking_heads_completed_20260817-184031/conda-list.txt,Studies/SHARP/Attention_Operators/Main_Results/Attention_Experiments/Lab3_SHARP_Attention_qknorm_talking_heads_completed_20260817-184031/conda-list.txt
Lab 3/Main_Results/Attention_Experiments/Lab3_SHARP_Attention_qknorm_talking_heads_completed_20260817-184031/configuration/eval/.hydra/config.yaml,Studies/SHARP/Attention_Operators/Main_Results/Attention_Experiments/Lab3_SHARP_Attention_qknorm_talking_heads_completed_20260817-184031/configuration/eval/.hydra/config.yaml
Lab 3/Main_Results/Attention_Experiments/Lab3_SHARP_Attention_qknorm_talking_heads_completed_20260817-184031/configuration/eval/.hydra/hydra.yaml,Studies/SHARP/Attention_Operators/Main_Results/Attention_Experiments/Lab3_SHARP_Attention_qknorm_talking_heads_completed_20260817-184031/configuration/eval/.hydra/hydra.yaml
Lab 3/Main_Results/Attention_Experiments/Lab3_SHARP_Attention_qknorm_talking_heads_completed_20260817-184031/configuration/eval/.hydra/overrides.yaml,Studies/SHARP/Attention_Operators/Main_Results/Attention_Experiments/Lab3_SHARP_Attention_qknorm_talking_heads_completed_20260817-184031/configuration/eval/.hydra/overrides.yaml
Lab 3/Main_Results/Attention_Experiments/Lab3_SHARP_Attention_qknorm_talking_heads_completed_20260817-184031/configuration/run/.hydra/config.yaml,Studies/SHARP/Attention_Operators/Main_Results/Attention_Experiments/Lab3_SHARP_Attention_qknorm_talking_heads_completed_20260817-184031/configuration/run/.hydra/config.yaml
Lab 3/Main_Results/Attention_Experiments/Lab3_SHARP_Attention_qknorm_talking_heads_completed_20260817-184031/configuration/run/.hydra/hydra.yaml,Studies/SHARP/Attention_Operators/Main_Results/Attention_Experiments/Lab3_SHARP_Attention_qknorm_talking_heads_completed_20260817-184031/configuration/run/.hydra/hydra.yaml
Lab 3/Main_Results/Attention_Experiments/Lab3_SHARP_Attention_qknorm_talking_heads_completed_20260817-184031/configuration/run/.hydra/overrides.yaml,Studies/SHARP/Attention_Operators/Main_Results/Attention_Experiments/Lab3_SHARP_Attention_qknorm_talking_heads_completed_20260817-184031/configuration/run/.hydra/overrides.yaml
Lab 3/Main_Results/Attention_Experiments/Lab3_SHARP_Attention_qknorm_talking_heads_completed_20260817-184031/experiment_manifest.json,Studies/SHARP/Attention_Operators/Main_Results/Attention_Experiments/Lab3_SHARP_Attention_qknorm_talking_heads_completed_20260817-184031/experiment_manifest.json
Lab 3/Main_Results/Attention_Experiments/Lab3_SHARP_Attention_qknorm_talking_heads_completed_20260817-184031/nvidia-smi.txt,Studies/SHARP/Attention_Operators/Main_Results/Attention_Experiments/Lab3_SHARP_Attention_qknorm_talking_heads_completed_20260817-184031/nvidia-smi.txt
Lab 3/Main_Results/Attention_Experiments/Lab3_SHARP_Attention_qknorm_talking_heads_completed_20260817-184031/pip-freeze.txt,Studies/SHARP/Attention_Operators/Main_Results/Attention_Experiments/Lab3_SHARP_Attention_qknorm_talking_heads_completed_20260817-184031/pip-freeze.txt
Lab 3/Main_Results/Attention_Experiments/Lab3_SHARP_Attention_qknorm_talking_heads_completed_20260817-184031/reproducibility/attention_variants.py,Studies/SHARP/Attention_Operators/Main_Results/Attention_Experiments/Lab3_SHARP_Attention_qknorm_talking_heads_completed_20260817-184031/reproducibility/attention_variants.py
Lab 3/Main_Results/Attention_Experiments/Lab3_SHARP_Attention_qknorm_talking_heads_completed_20260817-184031/reproducibility/custom_transformer_blocks.py,Studies/SHARP/Attention_Operators/Main_Results/Attention_Experiments/Lab3_SHARP_Attention_qknorm_talking_heads_completed_20260817-184031/reproducibility/custom_transformer_blocks.py
Lab 3/Main_Results/Attention_Experiments/Lab3_SHARP_Attention_qknorm_talking_heads_completed_20260817-184031/reproducibility/experiment_manifest.json,Studies/SHARP/Attention_Operators/Main_Results/Attention_Experiments/Lab3_SHARP_Attention_qknorm_talking_heads_completed_20260817-184031/reproducibility/experiment_manifest.json
Lab 3/Main_Results/Attention_Experiments/Lab3_SHARP_Attention_qknorm_talking_heads_completed_20260817-184031/reproducibility/pl_modules.py,Studies/SHARP/Attention_Operators/Main_Results/Attention_Experiments/Lab3_SHARP_Attention_qknorm_talking_heads_completed_20260817-184031/reproducibility/pl_modules.py
Lab 3/Main_Results/Attention_Experiments/Lab3_SHARP_Attention_qknorm_talking_heads_completed_20260817-184031/reproducibility/run_variant.sh,Studies/SHARP/Attention_Operators/Main_Results/Attention_Experiments/Lab3_SHARP_Attention_qknorm_talking_heads_completed_20260817-184031/reproducibility/run_variant.sh
Lab 3/Main_Results/Attention_Experiments/Lab3_SHARP_Attention_qknorm_talking_heads_completed_20260817-184031/reproducibility/transformer_blocks.py,Studies/SHARP/Attention_Operators/Main_Results/Attention_Experiments/Lab3_SHARP_Attention_qknorm_talking_heads_completed_20260817-184031/reproducibility/transformer_blocks.py
Lab 3/Main_Results/Attention_Experiments/Lab3_SHARP_Attention_talking_heads_completed_20260805-181428/.gitignore,Studies/SHARP/Attention_Operators/Main_Results/Attention_Experiments/Lab3_SHARP_Attention_talking_heads_completed_20260805-181428/.gitignore
Lab 3/Main_Results/Attention_Experiments/Lab3_SHARP_Attention_talking_heads_completed_20260805-181428/CHECKPOINTS.txt,Studies/SHARP/Attention_Operators/Main_Results/Attention_Experiments/Lab3_SHARP_Attention_talking_heads_completed_20260805-181428/CHECKPOINTS.txt
Lab 3/Main_Results/Attention_Experiments/Lab3_SHARP_Attention_talking_heads_completed_20260805-181428/COMPLETE,Studies/SHARP/Attention_Operators/Main_Results/Attention_Experiments/Lab3_SHARP_Attention_talking_heads_completed_20260805-181428/COMPLETE
Lab 3/Main_Results/Attention_Experiments/Lab3_SHARP_Attention_talking_heads_completed_20260805-181428/FINAL_METRICS.json,Studies/SHARP/Attention_Operators/Main_Results/Attention_Experiments/Lab3_SHARP_Attention_talking_heads_completed_20260805-181428/FINAL_METRICS.json
Lab 3/Main_Results/Attention_Experiments/Lab3_SHARP_Attention_talking_heads_completed_20260805-181428/MANIFEST.txt,Studies/SHARP/Attention_Operators/Main_Results/Attention_Experiments/Lab3_SHARP_Attention_talking_heads_completed_20260805-181428/MANIFEST.txt
Lab 3/Main_Results/Attention_Experiments/Lab3_SHARP_Attention_talking_heads_completed_20260805-181428/README.md,Studies/SHARP/Attention_Operators/Main_Results/Attention_Experiments/Lab3_SHARP_Attention_talking_heads_completed_20260805-181428/README.md
Lab 3/Main_Results/Attention_Experiments/Lab3_SHARP_Attention_talking_heads_completed_20260805-181428/SHA256SUMS.txt,Studies/SHARP/Attention_Operators/Main_Results/Attention_Experiments/Lab3_SHARP_Attention_talking_heads_completed_20260805-181428/SHA256SUMS.txt
Lab 3/Main_Results/Attention_Experiments/Lab3_SHARP_Attention_talking_heads_completed_20260805-181428/Terminal_Summary.txt,Studies/SHARP/Attention_Operators/Main_Results/Attention_Experiments/Lab3_SHARP_Attention_talking_heads_completed_20260805-181428/Terminal_Summary.txt
Lab 3/Main_Results/Attention_Experiments/Lab3_SHARP_Attention_talking_heads_completed_20260805-181428/best_checkpoint.txt,Studies/SHARP/Attention_Operators/Main_Results/Attention_Experiments/Lab3_SHARP_Attention_talking_heads_completed_20260805-181428/best_checkpoint.txt
Lab 3/Main_Results/Attention_Experiments/Lab3_SHARP_Attention_talking_heads_completed_20260805-181428/conda-list.txt,Studies/SHARP/Attention_Operators/Main_Results/Attention_Experiments/Lab3_SHARP_Attention_talking_heads_completed_20260805-181428/conda-list.txt
Lab 3/Main_Results/Attention_Experiments/Lab3_SHARP_Attention_talking_heads_completed_20260805-181428/configuration/eval/.hydra/config.yaml,Studies/SHARP/Attention_Operators/Main_Results/Attention_Experiments/Lab3_SHARP_Attention_talking_heads_completed_20260805-181428/configuration/eval/.hydra/config.yaml
Lab 3/Main_Results/Attention_Experiments/Lab3_SHARP_Attention_talking_heads_completed_20260805-181428/configuration/eval/.hydra/hydra.yaml,Studies/SHARP/Attention_Operators/Main_Results/Attention_Experiments/Lab3_SHARP_Attention_talking_heads_completed_20260805-181428/configuration/eval/.hydra/hydra.yaml
Lab 3/Main_Results/Attention_Experiments/Lab3_SHARP_Attention_talking_heads_completed_20260805-181428/configuration/eval/.hydra/overrides.yaml,Studies/SHARP/Attention_Operators/Main_Results/Attention_Experiments/Lab3_SHARP_Attention_talking_heads_completed_20260805-181428/configuration/eval/.hydra/overrides.yaml
Lab 3/Main_Results/Attention_Experiments/Lab3_SHARP_Attention_talking_heads_completed_20260805-181428/configuration/run/.hydra/config.yaml,Studies/SHARP/Attention_Operators/Main_Results/Attention_Experiments/Lab3_SHARP_Attention_talking_heads_completed_20260805-181428/configuration/run/.hydra/config.yaml
Lab 3/Main_Results/Attention_Experiments/Lab3_SHARP_Attention_talking_heads_completed_20260805-181428/configuration/run/.hydra/hydra.yaml,Studies/SHARP/Attention_Operators/Main_Results/Attention_Experiments/Lab3_SHARP_Attention_talking_heads_completed_20260805-181428/configuration/run/.hydra/hydra.yaml
Lab 3/Main_Results/Attention_Experiments/Lab3_SHARP_Attention_talking_heads_completed_20260805-181428/configuration/run/.hydra/overrides.yaml,Studies/SHARP/Attention_Operators/Main_Results/Attention_Experiments/Lab3_SHARP_Attention_talking_heads_completed_20260805-181428/configuration/run/.hydra/overrides.yaml
Lab 3/Main_Results/Attention_Experiments/Lab3_SHARP_Attention_talking_heads_completed_20260805-181428/experiment_manifest.json,Studies/SHARP/Attention_Operators/Main_Results/Attention_Experiments/Lab3_SHARP_Attention_talking_heads_completed_20260805-181428/experiment_manifest.json
Lab 3/Main_Results/Attention_Experiments/Lab3_SHARP_Attention_talking_heads_completed_20260805-181428/nvidia-smi.txt,Studies/SHARP/Attention_Operators/Main_Results/Attention_Experiments/Lab3_SHARP_Attention_talking_heads_completed_20260805-181428/nvidia-smi.txt
Lab 3/Main_Results/Attention_Experiments/Lab3_SHARP_Attention_talking_heads_completed_20260805-181428/pip-freeze.txt,Studies/SHARP/Attention_Operators/Main_Results/Attention_Experiments/Lab3_SHARP_Attention_talking_heads_completed_20260805-181428/pip-freeze.txt
Lab 3/Main_Results/Attention_Experiments/Lab3_SHARP_Attention_talking_heads_completed_20260805-181428/reproducibility/attention_variants.py,Studies/SHARP/Attention_Operators/Main_Results/Attention_Experiments/Lab3_SHARP_Attention_talking_heads_completed_20260805-181428/reproducibility/attention_variants.py
Lab 3/Main_Results/Attention_Experiments/Lab3_SHARP_Attention_talking_heads_completed_20260805-181428/reproducibility/custom_transformer_blocks.py,Studies/SHARP/Attention_Operators/Main_Results/Attention_Experiments/Lab3_SHARP_Attention_talking_heads_completed_20260805-181428/reproducibility/custom_transformer_blocks.py
Lab 3/Main_Results/Attention_Experiments/Lab3_SHARP_Attention_talking_heads_completed_20260805-181428/reproducibility/experiment_manifest.json,Studies/SHARP/Attention_Operators/Main_Results/Attention_Experiments/Lab3_SHARP_Attention_talking_heads_completed_20260805-181428/reproducibility/experiment_manifest.json
Lab 3/Main_Results/Attention_Experiments/Lab3_SHARP_Attention_talking_heads_completed_20260805-181428/reproducibility/pl_modules.py,Studies/SHARP/Attention_Operators/Main_Results/Attention_Experiments/Lab3_SHARP_Attention_talking_heads_completed_20260805-181428/reproducibility/pl_modules.py
Lab 3/Main_Results/Attention_Experiments/Lab3_SHARP_Attention_talking_heads_completed_20260805-181428/reproducibility/run_variant.sh,Studies/SHARP/Attention_Operators/Main_Results/Attention_Experiments/Lab3_SHARP_Attention_talking_heads_completed_20260805-181428/reproducibility/run_variant.sh
Lab 3/Main_Results/Attention_Experiments/Lab3_SHARP_Attention_talking_heads_completed_20260805-181428/reproducibility/transformer_blocks.py,Studies/SHARP/Attention_Operators/Main_Results/Attention_Experiments/Lab3_SHARP_Attention_talking_heads_completed_20260805-181428/reproducibility/transformer_blocks.py
Lab 3/Main_Results/Attention_Experiments/Lab3_SHARP_Baseline_MHA_final_20260726-023208/.gitignore,Studies/SHARP/Attention_Operators/Main_Results/Attention_Experiments/Lab3_SHARP_Baseline_MHA_final_20260726-023208/.gitignore
Lab 3/Main_Results/Attention_Experiments/Lab3_SHARP_Baseline_MHA_final_20260726-023208/CHECKPOINTS.txt,Studies/SHARP/Attention_Operators/Main_Results/Attention_Experiments/Lab3_SHARP_Baseline_MHA_final_20260726-023208/CHECKPOINTS.txt
Lab 3/Main_Results/Attention_Experiments/Lab3_SHARP_Baseline_MHA_final_20260726-023208/FINAL_VALIDATION.txt,Studies/SHARP/Attention_Operators/Main_Results/Attention_Experiments/Lab3_SHARP_Baseline_MHA_final_20260726-023208/FINAL_VALIDATION.txt
Lab 3/Main_Results/Attention_Experiments/Lab3_SHARP_Baseline_MHA_final_20260726-023208/MANIFEST.txt,Studies/SHARP/Attention_Operators/Main_Results/Attention_Experiments/Lab3_SHARP_Baseline_MHA_final_20260726-023208/MANIFEST.txt
Lab 3/Main_Results/Attention_Experiments/Lab3_SHARP_Baseline_MHA_final_20260726-023208/README.md,Studies/SHARP/Attention_Operators/Main_Results/Attention_Experiments/Lab3_SHARP_Baseline_MHA_final_20260726-023208/README.md
Lab 3/Main_Results/Attention_Experiments/Lab3_SHARP_Baseline_MHA_final_20260726-023208/SHA256SUMS.txt,Studies/SHARP/Attention_Operators/Main_Results/Attention_Experiments/Lab3_SHARP_Baseline_MHA_final_20260726-023208/SHA256SUMS.txt
Lab 3/Main_Results/Attention_Experiments/Lab3_SHARP_Baseline_MHA_final_20260726-023208/Terminal_Summary.txt,Studies/SHARP/Attention_Operators/Main_Results/Attention_Experiments/Lab3_SHARP_Baseline_MHA_final_20260726-023208/Terminal_Summary.txt
Lab 3/Main_Results/Attention_Experiments/Lab3_SHARP_Baseline_MHA_final_20260726-023208/conda-list.txt,Studies/SHARP/Attention_Operators/Main_Results/Attention_Experiments/Lab3_SHARP_Baseline_MHA_final_20260726-023208/conda-list.txt
Lab 3/Main_Results/Attention_Experiments/Lab3_SHARP_Baseline_MHA_final_20260726-023208/nvidia-smi.txt,Studies/SHARP/Attention_Operators/Main_Results/Attention_Experiments/Lab3_SHARP_Baseline_MHA_final_20260726-023208/nvidia-smi.txt
Lab 3/Main_Results/Attention_Experiments/Lab3_SHARP_Baseline_MHA_final_20260726-023208/pip-freeze.txt,Studies/SHARP/Attention_Operators/Main_Results/Attention_Experiments/Lab3_SHARP_Baseline_MHA_final_20260726-023208/pip-freeze.txt
Lab 3/Main_Results/Attention_Experiments/Runs/SHARP_ATTENTION_ABLATION_20260717-123916/CHECKPOINTS.txt,Studies/SHARP/Attention_Operators/Main_Results/Attention_Experiments/Runs/SHARP_ATTENTION_ABLATION_20260717-123916/CHECKPOINTS.txt
Lab 3/Main_Results/Attention_Experiments/Runs/SHARP_ATTENTION_ABLATION_20260717-123916/README.md,Studies/SHARP/Attention_Operators/Main_Results/Attention_Experiments/Runs/SHARP_ATTENTION_ABLATION_20260717-123916/README.md
Lab 3/Main_Results/Attention_Experiments/Runs/SHARP_ATTENTION_ABLATION_20260717-123916/RUN_STATUS.txt,Studies/SHARP/Attention_Operators/Main_Results/Attention_Experiments/Runs/SHARP_ATTENTION_ABLATION_20260717-123916/RUN_STATUS.txt
Lab 3/Main_Results/Attention_Experiments/Runs/SHARP_ATTENTION_ABLATION_20260717-123916/Summary.md,Studies/SHARP/Attention_Operators/Main_Results/Attention_Experiments/Runs/SHARP_ATTENTION_ABLATION_20260717-123916/Summary.md
Lab 3/Main_Results/Attention_Experiments/Runs/SHARP_ATTENTION_ABLATION_20260717-123916/Terminal.txt,Studies/SHARP/Attention_Operators/Main_Results/Attention_Experiments/Runs/SHARP_ATTENTION_ABLATION_20260717-123916/Terminal.txt
Lab 3/Main_Results/Attention_Experiments/SHARP_Attention_Comparison.md,Studies/SHARP/Attention_Operators/Main_Results/Attention_Experiments/Archive/SHARP_Attention_Comparison_20260805.md
Lab 3/Main_Results/Attention_Experiments/Snapshots/20260801-062050/CHECKPOINTS.txt,Studies/SHARP/Attention_Operators/Main_Results/Attention_Experiments/Snapshots/20260801-062050/CHECKPOINTS.txt
Lab 3/Main_Results/Attention_Experiments/Snapshots/20260801-062050/README.md,Studies/SHARP/Attention_Operators/Main_Results/Attention_Experiments/Snapshots/20260801-062050/README.md
Lab 3/Main_Results/Attention_Experiments/Snapshots/20260801-062050/RUN_STATUS.txt,Studies/SHARP/Attention_Operators/Main_Results/Attention_Experiments/Snapshots/20260801-062050/RUN_STATUS.txt
Lab 3/Main_Results/Attention_Experiments/Snapshots/20260801-062050/Terminal_Summary.txt,Studies/SHARP/Attention_Operators/Main_Results/Attention_Experiments/Snapshots/20260801-062050/Terminal_Summary.txt
Lab 3/Main_Results/Attention_Experiments/Snapshots/20260803-044635/.gitignore,Studies/SHARP/Attention_Operators/Main_Results/Attention_Experiments/Snapshots/20260803-044635/.gitignore
Lab 3/Main_Results/Attention_Experiments/Snapshots/20260803-044635/BEST_CHECKPOINTS.txt,Studies/SHARP/Attention_Operators/Main_Results/Attention_Experiments/Snapshots/20260803-044635/BEST_CHECKPOINTS.txt
Lab 3/Main_Results/Attention_Experiments/Snapshots/20260803-044635/CHECKPOINTS.txt,Studies/SHARP/Attention_Operators/Main_Results/Attention_Experiments/Snapshots/20260803-044635/CHECKPOINTS.txt
Lab 3/Main_Results/Attention_Experiments/Snapshots/20260803-044635/README.md,Studies/SHARP/Attention_Operators/Main_Results/Attention_Experiments/Snapshots/20260803-044635/README.md
Lab 3/Main_Results/Attention_Experiments/Snapshots/20260803-044635/RUN_STATUS.txt,Studies/SHARP/Attention_Operators/Main_Results/Attention_Experiments/Snapshots/20260803-044635/RUN_STATUS.txt
Lab 3/Main_Results/Attention_Experiments/Snapshots/20260803-044635/Terminal_Summary.txt,Studies/SHARP/Attention_Operators/Main_Results/Attention_Experiments/Snapshots/20260803-044635/Terminal_Summary.txt
Lab 3/Main_Results/Attention_Experiments/Snapshots/20260805-213248/CHECKPOINTS.txt,Studies/SHARP/Attention_Operators/Main_Results/Attention_Experiments/Snapshots/20260805-213248/CHECKPOINTS.txt
Lab 3/Main_Results/Attention_Experiments/Snapshots/20260805-213248/CURRENT_WARNINGS_AND_ERRORS.txt,Studies/SHARP/Attention_Operators/Main_Results/Attention_Experiments/Snapshots/20260805-213248/CURRENT_WARNINGS_AND_ERRORS.txt
Lab 3/Main_Results/Attention_Experiments/Snapshots/20260805-213248/README.md,Studies/SHARP/Attention_Operators/Main_Results/Attention_Experiments/Snapshots/20260805-213248/README.md
Lab 3/Main_Results/Attention_Experiments/Snapshots/20260805-213248/RUN_STATUS.txt,Studies/SHARP/Attention_Operators/Main_Results/Attention_Experiments/Snapshots/20260805-213248/RUN_STATUS.txt
Lab 3/Main_Results/Attention_Experiments/Snapshots/20260805-213248/Terminal.txt,Studies/SHARP/Attention_Operators/Main_Results/Attention_Experiments/Snapshots/20260805-213248/Terminal.txt
Lab 3/README.md,Studies/SHARP/Attention_Operators/README.md
Lab 3/SEAM_20_Epoch_4_Test_Suite/.gitignore,Studies/SEAM/Context_Attention_Ablation/.gitignore
Lab 3/SEAM_20_Epoch_4_Test_Suite/EXPERIMENT_MANIFEST.md,Studies/SEAM/Context_Attention_Ablation/EXPERIMENT_MANIFEST.md
Lab 3/SEAM_20_Epoch_4_Test_Suite/EXPERIMENT_MANIFEST_MAX_RESOURCES.md,Studies/SEAM/Context_Attention_Ablation/EXPERIMENT_MANIFEST_MAX_RESOURCES.md
Lab 3/SEAM_20_Epoch_4_Test_Suite/MAX_RESOURCE_SUITE_VERSION,Studies/SEAM/Context_Attention_Ablation/MAX_RESOURCE_SUITE_VERSION
Lab 3/SEAM_20_Epoch_4_Test_Suite/README.md,Studies/SEAM/Context_Attention_Ablation/README.md
Lab 3/SEAM_20_Epoch_4_Test_Suite/README_MAX_RESOURCES.md,Studies/SEAM/Context_Attention_Ablation/README_MAX_RESOURCES.md
Lab 3/SEAM_20_Epoch_4_Test_Suite/Results/SEAM_AV2_20EPOCH_4TEST_20260903-103416/.gitignore,Studies/SEAM/Context_Attention_Ablation/Results/SEAM_AV2_20EPOCH_4TEST_20260903-103416/.gitignore
Lab 3/SEAM_20_Epoch_4_Test_Suite/Results/SEAM_AV2_20EPOCH_4TEST_20260903-103416/CHECKPOINTS.txt,Studies/SEAM/Context_Attention_Ablation/Results/SEAM_AV2_20EPOCH_4TEST_20260903-103416/CHECKPOINTS.txt
Lab 3/SEAM_20_Epoch_4_Test_Suite/Results/SEAM_AV2_20EPOCH_4TEST_20260903-103416/CURRENT_DIAGNOSTICS.txt,Studies/SEAM/Context_Attention_Ablation/Results/SEAM_AV2_20EPOCH_4TEST_20260903-103416/CURRENT_DIAGNOSTICS.txt
Lab 3/SEAM_20_Epoch_4_Test_Suite/Results/SEAM_AV2_20EPOCH_4TEST_20260903-103416/Comparison.csv,Studies/SEAM/Context_Attention_Ablation/Results/SEAM_AV2_20EPOCH_4TEST_20260903-103416/Comparison.csv
Lab 3/SEAM_20_Epoch_4_Test_Suite/Results/SEAM_AV2_20EPOCH_4TEST_20260903-103416/DATA_ROOT.txt,Studies/SEAM/Context_Attention_Ablation/Results/SEAM_AV2_20EPOCH_4TEST_20260903-103416/DATA_ROOT.txt
Lab 3/SEAM_20_Epoch_4_Test_Suite/Results/SEAM_AV2_20EPOCH_4TEST_20260903-103416/EXPERIMENT_MANIFEST.md,Studies/SEAM/Context_Attention_Ablation/Results/SEAM_AV2_20EPOCH_4TEST_20260903-103416/EXPERIMENT_MANIFEST.md
Lab 3/SEAM_20_Epoch_4_Test_Suite/Results/SEAM_AV2_20EPOCH_4TEST_20260903-103416/EXPERIMENT_ROOT.txt,Studies/SEAM/Context_Attention_Ablation/Results/SEAM_AV2_20EPOCH_4TEST_20260903-103416/EXPERIMENT_ROOT.txt
Lab 3/SEAM_20_Epoch_4_Test_Suite/Results/SEAM_AV2_20EPOCH_4TEST_20260903-103416/PROCESS_STATUS.txt,Studies/SEAM/Context_Attention_Ablation/Results/SEAM_AV2_20EPOCH_4TEST_20260903-103416/PROCESS_STATUS.txt
Lab 3/SEAM_20_Epoch_4_Test_Suite/Results/SEAM_AV2_20EPOCH_4TEST_20260903-103416/RUN_MANIFEST.json,Studies/SEAM/Context_Attention_Ablation/Results/SEAM_AV2_20EPOCH_4TEST_20260903-103416/RUN_MANIFEST.json
Lab 3/SEAM_20_Epoch_4_Test_Suite/Results/SEAM_AV2_20EPOCH_4TEST_20260903-103416/RUN_STATUS.txt,Studies/SEAM/Context_Attention_Ablation/Results/SEAM_AV2_20EPOCH_4TEST_20260903-103416/RUN_STATUS.txt
Lab 3/SEAM_20_Epoch_4_Test_Suite/Results/SEAM_AV2_20EPOCH_4TEST_20260903-103416/SOURCE_PROVENANCE.md,Studies/SEAM/Context_Attention_Ablation/Results/SEAM_AV2_20EPOCH_4TEST_20260903-103416/SOURCE_PROVENANCE.md
Lab 3/SEAM_20_Epoch_4_Test_Suite/Results/SEAM_AV2_20EPOCH_4TEST_20260903-103416/Summary.md,Studies/SEAM/Context_Attention_Ablation/Results/SEAM_AV2_20EPOCH_4TEST_20260903-103416/Summary.md
Lab 3/SEAM_20_Epoch_4_Test_Suite/Results/SEAM_AV2_20EPOCH_4TEST_20260903-103416/Terminal.txt,Studies/SEAM/Context_Attention_Ablation/Results/SEAM_AV2_20EPOCH_4TEST_20260903-103416/Terminal.txt
Lab 3/SEAM_20_Epoch_4_Test_Suite/Results/SEAM_AV2_20EPOCH_4TEST_20260903-103416/Timing.csv,Studies/SEAM/Context_Attention_Ablation/Results/SEAM_AV2_20EPOCH_4TEST_20260903-103416/Timing.csv
Lab 3/SEAM_20_Epoch_4_Test_Suite/Results/SEAM_AV2_20EPOCH_4TEST_20260903-103416/Variants/01_baseline/CONTROLLED_CONFIGURATION.txt,Studies/SEAM/Context_Attention_Ablation/Results/SEAM_AV2_20EPOCH_4TEST_20260903-103416/Variants/01_baseline/CONTROLLED_CONFIGURATION.txt
Lab 3/SEAM_20_Epoch_4_Test_Suite/Results/SEAM_AV2_20EPOCH_4TEST_20260903-103416/Variants/01_baseline/LOG_TAIL.txt,Studies/SEAM/Context_Attention_Ablation/Results/SEAM_AV2_20EPOCH_4TEST_20260903-103416/Variants/01_baseline/LOG_TAIL.txt
Lab 3/SEAM_20_Epoch_4_Test_Suite/Results/SEAM_AV2_20EPOCH_4TEST_20260903-103416/Variants/01_baseline/STATUS.txt,Studies/SEAM/Context_Attention_Ablation/Results/SEAM_AV2_20EPOCH_4TEST_20260903-103416/Variants/01_baseline/STATUS.txt
Lab 3/SEAM_20_Epoch_4_Test_Suite/Results/SEAM_AV2_20EPOCH_4TEST_20260903-103416/Variants/01_baseline/Summary.md,Studies/SEAM/Context_Attention_Ablation/Results/SEAM_AV2_20EPOCH_4TEST_20260903-103416/Variants/01_baseline/Summary.md
Lab 3/SEAM_20_Epoch_4_Test_Suite/Results/SEAM_AV2_20EPOCH_4TEST_20260903-103416/Variants/02_uncertainty_target_context/LOG_TAIL.txt,Studies/SEAM/Context_Attention_Ablation/Results/SEAM_AV2_20EPOCH_4TEST_20260903-103416/Variants/02_uncertainty_target_context/LOG_TAIL.txt
Lab 3/SEAM_20_Epoch_4_Test_Suite/Results/SEAM_AV2_20EPOCH_4TEST_20260903-103416/Variants/02_uncertainty_target_context/STATUS.txt,Studies/SEAM/Context_Attention_Ablation/Results/SEAM_AV2_20EPOCH_4TEST_20260903-103416/Variants/02_uncertainty_target_context/STATUS.txt
Lab 3/SEAM_20_Epoch_4_Test_Suite/Results/SEAM_AV2_20EPOCH_4TEST_20260903-103416/Variants/02_uncertainty_target_context/Summary.md,Studies/SEAM/Context_Attention_Ablation/Results/SEAM_AV2_20EPOCH_4TEST_20260903-103416/Variants/02_uncertainty_target_context/Summary.md
Lab 3/SEAM_20_Epoch_4_Test_Suite/Results/SEAM_AV2_20EPOCH_4TEST_20260903-103416/Variants/03_relative_geometry_bias/LOG_TAIL.txt,Studies/SEAM/Context_Attention_Ablation/Results/SEAM_AV2_20EPOCH_4TEST_20260903-103416/Variants/03_relative_geometry_bias/LOG_TAIL.txt
Lab 3/SEAM_20_Epoch_4_Test_Suite/Results/SEAM_AV2_20EPOCH_4TEST_20260903-103416/Variants/03_relative_geometry_bias/STATUS.txt,Studies/SEAM/Context_Attention_Ablation/Results/SEAM_AV2_20EPOCH_4TEST_20260903-103416/Variants/03_relative_geometry_bias/STATUS.txt
Lab 3/SEAM_20_Epoch_4_Test_Suite/Results/SEAM_AV2_20EPOCH_4TEST_20260903-103416/Variants/03_relative_geometry_bias/Summary.md,Studies/SEAM/Context_Attention_Ablation/Results/SEAM_AV2_20EPOCH_4TEST_20260903-103416/Variants/03_relative_geometry_bias/Summary.md
Lab 3/SEAM_20_Epoch_4_Test_Suite/Results/SEAM_AV2_20EPOCH_4TEST_20260903-103416/Variants/04_qknorm/LOG_TAIL.txt,Studies/SEAM/Context_Attention_Ablation/Results/SEAM_AV2_20EPOCH_4TEST_20260903-103416/Variants/04_qknorm/LOG_TAIL.txt
Lab 3/SEAM_20_Epoch_4_Test_Suite/Results/SEAM_AV2_20EPOCH_4TEST_20260903-103416/Variants/04_qknorm/STATUS.txt,Studies/SEAM/Context_Attention_Ablation/Results/SEAM_AV2_20EPOCH_4TEST_20260903-103416/Variants/04_qknorm/STATUS.txt
Lab 3/SEAM_20_Epoch_4_Test_Suite/Results/SEAM_AV2_20EPOCH_4TEST_20260903-103416/Variants/04_qknorm/Summary.md,Studies/SEAM/Context_Attention_Ablation/Results/SEAM_AV2_20EPOCH_4TEST_20260903-103416/Variants/04_qknorm/Summary.md
Lab 3/SEAM_20_Epoch_4_Test_Suite/Results/SEAM_AV2_20EPOCH_4TEST_20260903-103416/minADE6_comparison.svg,Studies/SEAM/Context_Attention_Ablation/Results/SEAM_AV2_20EPOCH_4TEST_20260903-103416/minADE6_comparison.svg
Lab 3/SEAM_20_Epoch_4_Test_Suite/Results/SEAM_AV2_20EPOCH_4TEST_MAXRES_20260903-114512/.gitignore,Studies/SEAM/Context_Attention_Ablation/Results/SEAM_AV2_20EPOCH_4TEST_MAXRES_20260903-114512/.gitignore
Lab 3/SEAM_20_Epoch_4_Test_Suite/Results/SEAM_AV2_20EPOCH_4TEST_MAXRES_20260903-114512/CHECKPOINTS.txt,Studies/SEAM/Context_Attention_Ablation/Results/SEAM_AV2_20EPOCH_4TEST_MAXRES_20260903-114512/CHECKPOINTS.txt
Lab 3/SEAM_20_Epoch_4_Test_Suite/Results/SEAM_AV2_20EPOCH_4TEST_MAXRES_20260903-114512/CURRENT_DIAGNOSTICS.txt,Studies/SEAM/Context_Attention_Ablation/Results/SEAM_AV2_20EPOCH_4TEST_MAXRES_20260903-114512/CURRENT_DIAGNOSTICS.txt
Lab 3/SEAM_20_Epoch_4_Test_Suite/Results/SEAM_AV2_20EPOCH_4TEST_MAXRES_20260903-114512/Comparison.csv,Studies/SEAM/Context_Attention_Ablation/Results/SEAM_AV2_20EPOCH_4TEST_MAXRES_20260903-114512/Comparison.csv
Lab 3/SEAM_20_Epoch_4_Test_Suite/Results/SEAM_AV2_20EPOCH_4TEST_MAXRES_20260903-114512/DATA_ROOT.txt,Studies/SEAM/Context_Attention_Ablation/Results/SEAM_AV2_20EPOCH_4TEST_MAXRES_20260903-114512/DATA_ROOT.txt
Lab 3/SEAM_20_Epoch_4_Test_Suite/Results/SEAM_AV2_20EPOCH_4TEST_MAXRES_20260903-114512/EXPERIMENT_MANIFEST.md,Studies/SEAM/Context_Attention_Ablation/Results/SEAM_AV2_20EPOCH_4TEST_MAXRES_20260903-114512/EXPERIMENT_MANIFEST.md
Lab 3/SEAM_20_Epoch_4_Test_Suite/Results/SEAM_AV2_20EPOCH_4TEST_MAXRES_20260903-114512/EXPERIMENT_ROOT.txt,Studies/SEAM/Context_Attention_Ablation/Results/SEAM_AV2_20EPOCH_4TEST_MAXRES_20260903-114512/EXPERIMENT_ROOT.txt
Lab 3/SEAM_20_Epoch_4_Test_Suite/Results/SEAM_AV2_20EPOCH_4TEST_MAXRES_20260903-114512/PROCESS_STATUS.txt,Studies/SEAM/Context_Attention_Ablation/Results/SEAM_AV2_20EPOCH_4TEST_MAXRES_20260903-114512/PROCESS_STATUS.txt
Lab 3/SEAM_20_Epoch_4_Test_Suite/Results/SEAM_AV2_20EPOCH_4TEST_MAXRES_20260903-114512/RUN_MANIFEST.json,Studies/SEAM/Context_Attention_Ablation/Results/SEAM_AV2_20EPOCH_4TEST_MAXRES_20260903-114512/RUN_MANIFEST.json
Lab 3/SEAM_20_Epoch_4_Test_Suite/Results/SEAM_AV2_20EPOCH_4TEST_MAXRES_20260903-114512/RUN_STATUS.txt,Studies/SEAM/Context_Attention_Ablation/Results/SEAM_AV2_20EPOCH_4TEST_MAXRES_20260903-114512/RUN_STATUS.txt
Lab 3/SEAM_20_Epoch_4_Test_Suite/Results/SEAM_AV2_20EPOCH_4TEST_MAXRES_20260903-114512/SOURCE_PROVENANCE.md,Studies/SEAM/Context_Attention_Ablation/Results/SEAM_AV2_20EPOCH_4TEST_MAXRES_20260903-114512/SOURCE_PROVENANCE.md
Lab 3/SEAM_20_Epoch_4_Test_Suite/Results/SEAM_AV2_20EPOCH_4TEST_MAXRES_20260903-114512/SUITE_COMPLETE,Studies/SEAM/Context_Attention_Ablation/Results/SEAM_AV2_20EPOCH_4TEST_MAXRES_20260903-114512/SUITE_COMPLETE
Lab 3/SEAM_20_Epoch_4_Test_Suite/Results/SEAM_AV2_20EPOCH_4TEST_MAXRES_20260903-114512/Summary.md,Studies/SEAM/Context_Attention_Ablation/Results/SEAM_AV2_20EPOCH_4TEST_MAXRES_20260903-114512/Summary.md
Lab 3/SEAM_20_Epoch_4_Test_Suite/Results/SEAM_AV2_20EPOCH_4TEST_MAXRES_20260903-114512/Terminal.txt,Studies/SEAM/Context_Attention_Ablation/Results/SEAM_AV2_20EPOCH_4TEST_MAXRES_20260903-114512/Terminal.txt
Lab 3/SEAM_20_Epoch_4_Test_Suite/Results/SEAM_AV2_20EPOCH_4TEST_MAXRES_20260903-114512/Timing.csv,Studies/SEAM/Context_Attention_Ablation/Results/SEAM_AV2_20EPOCH_4TEST_MAXRES_20260903-114512/Timing.csv
Lab 3/SEAM_20_Epoch_4_Test_Suite/Results/SEAM_AV2_20EPOCH_4TEST_MAXRES_20260903-114512/Variants/01_baseline/ACTIVE_SECONDS.txt,Studies/SEAM/Context_Attention_Ablation/Results/SEAM_AV2_20EPOCH_4TEST_MAXRES_20260903-114512/Variants/01_baseline/ACTIVE_SECONDS.txt
Lab 3/SEAM_20_Epoch_4_Test_Suite/Results/SEAM_AV2_20EPOCH_4TEST_MAXRES_20260903-114512/Variants/01_baseline/ATTEMPTS.tsv,Studies/SEAM/Context_Attention_Ablation/Results/SEAM_AV2_20EPOCH_4TEST_MAXRES_20260903-114512/Variants/01_baseline/ATTEMPTS.tsv
Lab 3/SEAM_20_Epoch_4_Test_Suite/Results/SEAM_AV2_20EPOCH_4TEST_MAXRES_20260903-114512/Variants/01_baseline/CONTROLLED_CONFIGURATION.txt,Studies/SEAM/Context_Attention_Ablation/Results/SEAM_AV2_20EPOCH_4TEST_MAXRES_20260903-114512/Variants/01_baseline/CONTROLLED_CONFIGURATION.txt
Lab 3/SEAM_20_Epoch_4_Test_Suite/Results/SEAM_AV2_20EPOCH_4TEST_MAXRES_20260903-114512/Variants/01_baseline/LOG_TAIL.txt,Studies/SEAM/Context_Attention_Ablation/Results/SEAM_AV2_20EPOCH_4TEST_MAXRES_20260903-114512/Variants/01_baseline/LOG_TAIL.txt
Lab 3/SEAM_20_Epoch_4_Test_Suite/Results/SEAM_AV2_20EPOCH_4TEST_MAXRES_20260903-114512/Variants/01_baseline/STATUS.txt,Studies/SEAM/Context_Attention_Ablation/Results/SEAM_AV2_20EPOCH_4TEST_MAXRES_20260903-114512/Variants/01_baseline/STATUS.txt
Lab 3/SEAM_20_Epoch_4_Test_Suite/Results/SEAM_AV2_20EPOCH_4TEST_MAXRES_20260903-114512/Variants/01_baseline/Summary.md,Studies/SEAM/Context_Attention_Ablation/Results/SEAM_AV2_20EPOCH_4TEST_MAXRES_20260903-114512/Variants/01_baseline/Summary.md
Lab 3/SEAM_20_Epoch_4_Test_Suite/Results/SEAM_AV2_20EPOCH_4TEST_MAXRES_20260903-114512/Variants/01_baseline/TRAINING_COMPLETE,Studies/SEAM/Context_Attention_Ablation/Results/SEAM_AV2_20EPOCH_4TEST_MAXRES_20260903-114512/Variants/01_baseline/TRAINING_COMPLETE
Lab 3/SEAM_20_Epoch_4_Test_Suite/Results/SEAM_AV2_20EPOCH_4TEST_MAXRES_20260903-114512/Variants/02_uncertainty_target_context/ACTIVE_SECONDS.txt,Studies/SEAM/Context_Attention_Ablation/Results/SEAM_AV2_20EPOCH_4TEST_MAXRES_20260903-114512/Variants/02_uncertainty_target_context/ACTIVE_SECONDS.txt
Lab 3/SEAM_20_Epoch_4_Test_Suite/Results/SEAM_AV2_20EPOCH_4TEST_MAXRES_20260903-114512/Variants/02_uncertainty_target_context/ATTEMPTS.tsv,Studies/SEAM/Context_Attention_Ablation/Results/SEAM_AV2_20EPOCH_4TEST_MAXRES_20260903-114512/Variants/02_uncertainty_target_context/ATTEMPTS.tsv
Lab 3/SEAM_20_Epoch_4_Test_Suite/Results/SEAM_AV2_20EPOCH_4TEST_MAXRES_20260903-114512/Variants/02_uncertainty_target_context/CONTROLLED_CONFIGURATION.txt,Studies/SEAM/Context_Attention_Ablation/Results/SEAM_AV2_20EPOCH_4TEST_MAXRES_20260903-114512/Variants/02_uncertainty_target_context/CONTROLLED_CONFIGURATION.txt
Lab 3/SEAM_20_Epoch_4_Test_Suite/Results/SEAM_AV2_20EPOCH_4TEST_MAXRES_20260903-114512/Variants/02_uncertainty_target_context/LOG_TAIL.txt,Studies/SEAM/Context_Attention_Ablation/Results/SEAM_AV2_20EPOCH_4TEST_MAXRES_20260903-114512/Variants/02_uncertainty_target_context/LOG_TAIL.txt
Lab 3/SEAM_20_Epoch_4_Test_Suite/Results/SEAM_AV2_20EPOCH_4TEST_MAXRES_20260903-114512/Variants/02_uncertainty_target_context/STATUS.txt,Studies/SEAM/Context_Attention_Ablation/Results/SEAM_AV2_20EPOCH_4TEST_MAXRES_20260903-114512/Variants/02_uncertainty_target_context/STATUS.txt
Lab 3/SEAM_20_Epoch_4_Test_Suite/Results/SEAM_AV2_20EPOCH_4TEST_MAXRES_20260903-114512/Variants/02_uncertainty_target_context/Summary.md,Studies/SEAM/Context_Attention_Ablation/Results/SEAM_AV2_20EPOCH_4TEST_MAXRES_20260903-114512/Variants/02_uncertainty_target_context/Summary.md
Lab 3/SEAM_20_Epoch_4_Test_Suite/Results/SEAM_AV2_20EPOCH_4TEST_MAXRES_20260903-114512/Variants/02_uncertainty_target_context/TRAINING_COMPLETE,Studies/SEAM/Context_Attention_Ablation/Results/SEAM_AV2_20EPOCH_4TEST_MAXRES_20260903-114512/Variants/02_uncertainty_target_context/TRAINING_COMPLETE
Lab 3/SEAM_20_Epoch_4_Test_Suite/Results/SEAM_AV2_20EPOCH_4TEST_MAXRES_20260903-114512/Variants/03_relative_geometry_bias/ACTIVE_SECONDS.txt,Studies/SEAM/Context_Attention_Ablation/Results/SEAM_AV2_20EPOCH_4TEST_MAXRES_20260903-114512/Variants/03_relative_geometry_bias/ACTIVE_SECONDS.txt
Lab 3/SEAM_20_Epoch_4_Test_Suite/Results/SEAM_AV2_20EPOCH_4TEST_MAXRES_20260903-114512/Variants/03_relative_geometry_bias/ATTEMPTS.tsv,Studies/SEAM/Context_Attention_Ablation/Results/SEAM_AV2_20EPOCH_4TEST_MAXRES_20260903-114512/Variants/03_relative_geometry_bias/ATTEMPTS.tsv
Lab 3/SEAM_20_Epoch_4_Test_Suite/Results/SEAM_AV2_20EPOCH_4TEST_MAXRES_20260903-114512/Variants/03_relative_geometry_bias/CONTROLLED_CONFIGURATION.txt,Studies/SEAM/Context_Attention_Ablation/Results/SEAM_AV2_20EPOCH_4TEST_MAXRES_20260903-114512/Variants/03_relative_geometry_bias/CONTROLLED_CONFIGURATION.txt
Lab 3/SEAM_20_Epoch_4_Test_Suite/Results/SEAM_AV2_20EPOCH_4TEST_MAXRES_20260903-114512/Variants/03_relative_geometry_bias/LOG_TAIL.txt,Studies/SEAM/Context_Attention_Ablation/Results/SEAM_AV2_20EPOCH_4TEST_MAXRES_20260903-114512/Variants/03_relative_geometry_bias/LOG_TAIL.txt
Lab 3/SEAM_20_Epoch_4_Test_Suite/Results/SEAM_AV2_20EPOCH_4TEST_MAXRES_20260903-114512/Variants/03_relative_geometry_bias/STATUS.txt,Studies/SEAM/Context_Attention_Ablation/Results/SEAM_AV2_20EPOCH_4TEST_MAXRES_20260903-114512/Variants/03_relative_geometry_bias/STATUS.txt
Lab 3/SEAM_20_Epoch_4_Test_Suite/Results/SEAM_AV2_20EPOCH_4TEST_MAXRES_20260903-114512/Variants/03_relative_geometry_bias/Summary.md,Studies/SEAM/Context_Attention_Ablation/Results/SEAM_AV2_20EPOCH_4TEST_MAXRES_20260903-114512/Variants/03_relative_geometry_bias/Summary.md
Lab 3/SEAM_20_Epoch_4_Test_Suite/Results/SEAM_AV2_20EPOCH_4TEST_MAXRES_20260903-114512/Variants/03_relative_geometry_bias/TRAINING_COMPLETE,Studies/SEAM/Context_Attention_Ablation/Results/SEAM_AV2_20EPOCH_4TEST_MAXRES_20260903-114512/Variants/03_relative_geometry_bias/TRAINING_COMPLETE
Lab 3/SEAM_20_Epoch_4_Test_Suite/Results/SEAM_AV2_20EPOCH_4TEST_MAXRES_20260903-114512/Variants/04_qknorm/ACTIVE_SECONDS.txt,Studies/SEAM/Context_Attention_Ablation/Results/SEAM_AV2_20EPOCH_4TEST_MAXRES_20260903-114512/Variants/04_qknorm/ACTIVE_SECONDS.txt
Lab 3/SEAM_20_Epoch_4_Test_Suite/Results/SEAM_AV2_20EPOCH_4TEST_MAXRES_20260903-114512/Variants/04_qknorm/ATTEMPTS.tsv,Studies/SEAM/Context_Attention_Ablation/Results/SEAM_AV2_20EPOCH_4TEST_MAXRES_20260903-114512/Variants/04_qknorm/ATTEMPTS.tsv
Lab 3/SEAM_20_Epoch_4_Test_Suite/Results/SEAM_AV2_20EPOCH_4TEST_MAXRES_20260903-114512/Variants/04_qknorm/CONTROLLED_CONFIGURATION.txt,Studies/SEAM/Context_Attention_Ablation/Results/SEAM_AV2_20EPOCH_4TEST_MAXRES_20260903-114512/Variants/04_qknorm/CONTROLLED_CONFIGURATION.txt
Lab 3/SEAM_20_Epoch_4_Test_Suite/Results/SEAM_AV2_20EPOCH_4TEST_MAXRES_20260903-114512/Variants/04_qknorm/LOG_TAIL.txt,Studies/SEAM/Context_Attention_Ablation/Results/SEAM_AV2_20EPOCH_4TEST_MAXRES_20260903-114512/Variants/04_qknorm/LOG_TAIL.txt
Lab 3/SEAM_20_Epoch_4_Test_Suite/Results/SEAM_AV2_20EPOCH_4TEST_MAXRES_20260903-114512/Variants/04_qknorm/STATUS.txt,Studies/SEAM/Context_Attention_Ablation/Results/SEAM_AV2_20EPOCH_4TEST_MAXRES_20260903-114512/Variants/04_qknorm/STATUS.txt
Lab 3/SEAM_20_Epoch_4_Test_Suite/Results/SEAM_AV2_20EPOCH_4TEST_MAXRES_20260903-114512/Variants/04_qknorm/Summary.md,Studies/SEAM/Context_Attention_Ablation/Results/SEAM_AV2_20EPOCH_4TEST_MAXRES_20260903-114512/Variants/04_qknorm/Summary.md
Lab 3/SEAM_20_Epoch_4_Test_Suite/Results/SEAM_AV2_20EPOCH_4TEST_MAXRES_20260903-114512/Variants/04_qknorm/TRAINING_COMPLETE,Studies/SEAM/Context_Attention_Ablation/Results/SEAM_AV2_20EPOCH_4TEST_MAXRES_20260903-114512/Variants/04_qknorm/TRAINING_COMPLETE
Lab 3/SEAM_20_Epoch_4_Test_Suite/Results/SEAM_AV2_20EPOCH_4TEST_MAXRES_20260903-114512/minADE6_comparison.svg,Studies/SEAM/Context_Attention_Ablation/Results/SEAM_AV2_20EPOCH_4TEST_MAXRES_20260903-114512/minADE6_comparison.svg
Lab 3/SEAM_20_Epoch_4_Test_Suite/SOURCE_PROVENANCE.md,Studies/SEAM/Context_Attention_Ablation/SOURCE_PROVENANCE.md
Lab 3/SEAM_20_Epoch_4_Test_Suite/SUITE_VERSION,Studies/SEAM/Context_Attention_Ablation/SUITE_VERSION
Lab 3/SEAM_20_Epoch_4_Test_Suite/TERMINAL_COMMANDS.md,Studies/SEAM/Context_Attention_Ablation/TERMINAL_COMMANDS.md
Lab 3/SEAM_20_Epoch_4_Test_Suite/TERMINAL_COMMANDS_MAX_RESOURCES.md,Studies/SEAM/Context_Attention_Ablation/TERMINAL_COMMANDS_MAX_RESOURCES.md
Lab 3/SEAM_20_Epoch_4_Test_Suite/generate_seam_20epoch_snapshot.py,Studies/SEAM/Context_Attention_Ablation/generate_seam_20epoch_snapshot.py
Lab 3/SEAM_20_Epoch_4_Test_Suite/generate_seam_20epoch_summary.py,Studies/SEAM/Context_Attention_Ablation/generate_seam_20epoch_summary.py
Lab 3/SEAM_20_Epoch_4_Test_Suite/install_seam_environment.sh,Studies/SEAM/Context_Attention_Ablation/install_seam_environment.sh
Lab 3/SEAM_20_Epoch_4_Test_Suite/launch_lab3_seam_20epoch_4test.sh,Studies/SEAM/Context_Attention_Ablation/launch_lab3_seam_20epoch_4test.sh
Lab 3/SEAM_20_Epoch_4_Test_Suite/launch_lab3_seam_20epoch_4test_max_resources.sh,Studies/SEAM/Context_Attention_Ablation/launch_lab3_seam_20epoch_4test_max_resources.sh
Lab 3/SEAM_20_Epoch_4_Test_Suite/preflight_seam_20epoch_4test.py,Studies/SEAM/Context_Attention_Ablation/preflight_seam_20epoch_4test.py
Lab 3/SEAM_20_Epoch_4_Test_Suite/publish_seam_20epoch_snapshot.sh,Studies/SEAM/Context_Attention_Ablation/publish_seam_20epoch_snapshot.sh
Lab 3/SEAM_20_Epoch_4_Test_Suite/real_data_smoke_test.py,Studies/SEAM/Context_Attention_Ablation/real_data_smoke_test.py
Lab 3/SEAM_20_Epoch_4_Test_Suite/requirements-lab3.txt,Studies/SEAM/Context_Attention_Ablation/requirements-lab3.txt
Lab 3/SEAM_20_Epoch_4_Test_Suite/run_seam_20epoch_4test_max_resources.sh,Studies/SEAM/Context_Attention_Ablation/run_seam_20epoch_4test_max_resources.sh
Lab 3/SEAM_20_Epoch_4_Test_Suite/run_seam_20epoch_4test_suite.sh,Studies/SEAM/Context_Attention_Ablation/run_seam_20epoch_4test_suite.sh
Lab 3/SEAM_20_Epoch_4_Test_Suite/setup_lab3_seam_20epoch_4test.py,Studies/SEAM/Context_Attention_Ablation/setup_lab3_seam_20epoch_4test.py
Lab 3/SEAM_20_Epoch_4_Test_Suite/setup_lab3_seam_20epoch_4test_max_resources.py,Studies/SEAM/Context_Attention_Ablation/setup_lab3_seam_20epoch_4test_max_resources.py
Lab 3/SEAM_20_Epoch_4_Test_Suite/stop_current_seam_20epoch_suite.sh,Studies/SEAM/Context_Attention_Ablation/stop_current_seam_20epoch_suite.sh
Lab 3/SEAM_20_Epoch_4_Test_Suite/upstream/seam-main/README.md,Studies/SEAM/Context_Attention_Ablation/upstream/seam-main/README.md
Lab 3/SEAM_20_Epoch_4_Test_Suite/upstream/seam-main/conf/config.yaml,Studies/SEAM/Context_Attention_Ablation/upstream/seam-main/conf/config.yaml
Lab 3/SEAM_20_Epoch_4_Test_Suite/upstream/seam-main/conf/datamodule/av2.yaml,Studies/SEAM/Context_Attention_Ablation/upstream/seam-main/conf/datamodule/av2.yaml
Lab 3/SEAM_20_Epoch_4_Test_Suite/upstream/seam-main/conf/datamodule/av2_ma.yaml,Studies/SEAM/Context_Attention_Ablation/upstream/seam-main/conf/datamodule/av2_ma.yaml
Lab 3/SEAM_20_Epoch_4_Test_Suite/upstream/seam-main/conf/datamodule/av2_stream.yaml,Studies/SEAM/Context_Attention_Ablation/upstream/seam-main/conf/datamodule/av2_stream.yaml
Lab 3/SEAM_20_Epoch_4_Test_Suite/upstream/seam-main/conf/model/Seam.yaml,Studies/SEAM/Context_Attention_Ablation/upstream/seam-main/conf/model/Seam.yaml
Lab 3/SEAM_20_Epoch_4_Test_Suite/upstream/seam-main/conf/model/Seam_I.yaml,Studies/SEAM/Context_Attention_Ablation/upstream/seam-main/conf/model/Seam_I.yaml
Lab 3/SEAM_20_Epoch_4_Test_Suite/upstream/seam-main/conf/model/Seam_ma.yaml,Studies/SEAM/Context_Attention_Ablation/upstream/seam-main/conf/model/Seam_ma.yaml
Lab 3/SEAM_20_Epoch_4_Test_Suite/upstream/seam-main/eval.py,Studies/SEAM/Context_Attention_Ablation/upstream/seam-main/eval.py
Lab 3/SEAM_20_Epoch_4_Test_Suite/upstream/seam-main/preprocess.py,Studies/SEAM/Context_Attention_Ablation/upstream/seam-main/preprocess.py
Lab 3/SEAM_20_Epoch_4_Test_Suite/upstream/seam-main/requirements.txt,Studies/SEAM/Context_Attention_Ablation/upstream/seam-main/requirements.txt
Lab 3/SEAM_20_Epoch_4_Test_Suite/upstream/seam-main/src/__init__.py,Studies/SEAM/Context_Attention_Ablation/upstream/seam-main/src/__init__.py
Lab 3/SEAM_20_Epoch_4_Test_Suite/upstream/seam-main/src/datamodules/__init__.py,Studies/SEAM/Context_Attention_Ablation/upstream/seam-main/src/datamodules/__init__.py
Lab 3/SEAM_20_Epoch_4_Test_Suite/upstream/seam-main/src/datamodules/av2_data_utils.py,Studies/SEAM/Context_Attention_Ablation/upstream/seam-main/src/datamodules/av2_data_utils.py
Lab 3/SEAM_20_Epoch_4_Test_Suite/upstream/seam-main/src/datamodules/av2_datamodule.py,Studies/SEAM/Context_Attention_Ablation/upstream/seam-main/src/datamodules/av2_datamodule.py
Lab 3/SEAM_20_Epoch_4_Test_Suite/upstream/seam-main/src/datamodules/av2_dataset.py,Studies/SEAM/Context_Attention_Ablation/upstream/seam-main/src/datamodules/av2_dataset.py
Lab 3/SEAM_20_Epoch_4_Test_Suite/upstream/seam-main/src/datamodules/av2_extractor.py,Studies/SEAM/Context_Attention_Ablation/upstream/seam-main/src/datamodules/av2_extractor.py
Lab 3/SEAM_20_Epoch_4_Test_Suite/upstream/seam-main/src/metrics/__init__.py,Studies/SEAM/Context_Attention_Ablation/upstream/seam-main/src/metrics/__init__.py
Lab 3/SEAM_20_Epoch_4_Test_Suite/upstream/seam-main/src/metrics/actor_mr.py,Studies/SEAM/Context_Attention_Ablation/upstream/seam-main/src/metrics/actor_mr.py
Lab 3/SEAM_20_Epoch_4_Test_Suite/upstream/seam-main/src/metrics/avg_brier_min_fde.py,Studies/SEAM/Context_Attention_Ablation/upstream/seam-main/src/metrics/avg_brier_min_fde.py
Lab 3/SEAM_20_Epoch_4_Test_Suite/upstream/seam-main/src/metrics/avg_min_ade.py,Studies/SEAM/Context_Attention_Ablation/upstream/seam-main/src/metrics/avg_min_ade.py
Lab 3/SEAM_20_Epoch_4_Test_Suite/upstream/seam-main/src/metrics/avg_min_fde.py,Studies/SEAM/Context_Attention_Ablation/upstream/seam-main/src/metrics/avg_min_fde.py
Lab 3/SEAM_20_Epoch_4_Test_Suite/upstream/seam-main/src/metrics/min_ade.py,Studies/SEAM/Context_Attention_Ablation/upstream/seam-main/src/metrics/min_ade.py
Lab 3/SEAM_20_Epoch_4_Test_Suite/upstream/seam-main/src/metrics/min_fde.py,Studies/SEAM/Context_Attention_Ablation/upstream/seam-main/src/metrics/min_fde.py
Lab 3/SEAM_20_Epoch_4_Test_Suite/upstream/seam-main/src/metrics/mr.py,Studies/SEAM/Context_Attention_Ablation/upstream/seam-main/src/metrics/mr.py
Lab 3/SEAM_20_Epoch_4_Test_Suite/upstream/seam-main/src/metrics/utils.py,Studies/SEAM/Context_Attention_Ablation/upstream/seam-main/src/metrics/utils.py
Lab 3/SEAM_20_Epoch_4_Test_Suite/upstream/seam-main/src/model/__init__.py,Studies/SEAM/Context_Attention_Ablation/upstream/seam-main/src/model/__init__.py
Lab 3/SEAM_20_Epoch_4_Test_Suite/upstream/seam-main/src/model/layers/__init__.py,Studies/SEAM/Context_Attention_Ablation/upstream/seam-main/src/model/layers/__init__.py
Lab 3/SEAM_20_Epoch_4_Test_Suite/upstream/seam-main/src/model/layers/controlled_ablation.py,Studies/SEAM/Context_Attention_Ablation/upstream/seam-main/src/model/layers/controlled_ablation.py
Lab 3/SEAM_20_Epoch_4_Test_Suite/upstream/seam-main/src/model/layers/custom_transformer_blocks.py,Studies/SEAM/Context_Attention_Ablation/upstream/seam-main/src/model/layers/custom_transformer_blocks.py
Lab 3/SEAM_20_Epoch_4_Test_Suite/upstream/seam-main/src/model/layers/lane_embedding.py,Studies/SEAM/Context_Attention_Ablation/upstream/seam-main/src/model/layers/lane_embedding.py
Lab 3/SEAM_20_Epoch_4_Test_Suite/upstream/seam-main/src/model/layers/mln.py,Studies/SEAM/Context_Attention_Ablation/upstream/seam-main/src/model/layers/mln.py
Lab 3/SEAM_20_Epoch_4_Test_Suite/upstream/seam-main/src/model/layers/multimodal_decoder_attn.py,Studies/SEAM/Context_Attention_Ablation/upstream/seam-main/src/model/layers/multimodal_decoder_attn.py
Lab 3/SEAM_20_Epoch_4_Test_Suite/upstream/seam-main/src/model/layers/transformer_blocks.py,Studies/SEAM/Context_Attention_Ablation/upstream/seam-main/src/model/layers/transformer_blocks.py
Lab 3/SEAM_20_Epoch_4_Test_Suite/upstream/seam-main/src/model/ma_seam.py,Studies/SEAM/Context_Attention_Ablation/upstream/seam-main/src/model/ma_seam.py
Lab 3/SEAM_20_Epoch_4_Test_Suite/upstream/seam-main/src/model/pl_modules.py,Studies/SEAM/Context_Attention_Ablation/upstream/seam-main/src/model/pl_modules.py
Lab 3/SEAM_20_Epoch_4_Test_Suite/upstream/seam-main/src/model/seam.py,Studies/SEAM/Context_Attention_Ablation/upstream/seam-main/src/model/seam.py
Lab 3/SEAM_20_Epoch_4_Test_Suite/upstream/seam-main/src/utils/__init__.py,Studies/SEAM/Context_Attention_Ablation/upstream/seam-main/src/utils/__init__.py
Lab 3/SEAM_20_Epoch_4_Test_Suite/upstream/seam-main/src/utils/ma_submission_av2.py,Studies/SEAM/Context_Attention_Ablation/upstream/seam-main/src/utils/ma_submission_av2.py
Lab 3/SEAM_20_Epoch_4_Test_Suite/upstream/seam-main/src/utils/ma_submission_protocol.py,Studies/SEAM/Context_Attention_Ablation/upstream/seam-main/src/utils/ma_submission_protocol.py
Lab 3/SEAM_20_Epoch_4_Test_Suite/upstream/seam-main/src/utils/optim.py,Studies/SEAM/Context_Attention_Ablation/upstream/seam-main/src/utils/optim.py
Lab 3/SEAM_20_Epoch_4_Test_Suite/upstream/seam-main/src/utils/submission_av2.py,Studies/SEAM/Context_Attention_Ablation/upstream/seam-main/src/utils/submission_av2.py
Lab 3/SEAM_20_Epoch_4_Test_Suite/upstream/seam-main/src/utils/vis.py,Studies/SEAM/Context_Attention_Ablation/upstream/seam-main/src/utils/vis.py
Lab 3/SEAM_20_Epoch_4_Test_Suite/upstream/seam-main/train.py,Studies/SEAM/Context_Attention_Ablation/upstream/seam-main/train.py
Lab 3/SEAM_80_Epoch_Combined_Run/.gitignore,Studies/SEAM/Combined_Extension/.gitignore
Lab 3/SEAM_80_Epoch_Combined_Run/INPUT_HASHES.json,Studies/SEAM/Combined_Extension/INPUT_HASHES.json
Lab 3/SEAM_80_Epoch_Combined_Run/README.md,Studies/SEAM/Combined_Extension/README.md
Lab 3/SEAM_80_Epoch_Combined_Run/Results/SEAM_AV2_80EPOCH_COMBINED_20260906-144118/.gitignore,Studies/SEAM/Combined_Extension/Results/SEAM_AV2_80EPOCH_COMBINED_20260906-144118/.gitignore
Lab 3/SEAM_80_Epoch_Combined_Run/Results/SEAM_AV2_80EPOCH_COMBINED_20260906-144118/ARCHITECTURE_AUDIT.json,Studies/SEAM/Combined_Extension/Results/SEAM_AV2_80EPOCH_COMBINED_20260906-144118/ARCHITECTURE_AUDIT.json
Lab 3/SEAM_80_Epoch_Combined_Run/Results/SEAM_AV2_80EPOCH_COMBINED_20260906-144118/ATTEMPTS.json,Studies/SEAM/Combined_Extension/Results/SEAM_AV2_80EPOCH_COMBINED_20260906-144118/ATTEMPTS.json
Lab 3/SEAM_80_Epoch_Combined_Run/Results/SEAM_AV2_80EPOCH_COMBINED_20260906-144118/CHECKPOINTS.json,Studies/SEAM/Combined_Extension/Results/SEAM_AV2_80EPOCH_COMBINED_20260906-144118/CHECKPOINTS.json
Lab 3/SEAM_80_Epoch_Combined_Run/Results/SEAM_AV2_80EPOCH_COMBINED_20260906-144118/Configuration_and_Source/combined.py,Studies/SEAM/Combined_Extension/Results/SEAM_AV2_80EPOCH_COMBINED_20260906-144118/Configuration_and_Source/combined.py
Lab 3/SEAM_80_Epoch_Combined_Run/Results/SEAM_AV2_80EPOCH_COMBINED_20260906-144118/Configuration_and_Source/controlled_ablation.py,Studies/SEAM/Combined_Extension/Results/SEAM_AV2_80EPOCH_COMBINED_20260906-144118/Configuration_and_Source/controlled_ablation.py
Lab 3/SEAM_80_Epoch_Combined_Run/Results/SEAM_AV2_80EPOCH_COMBINED_20260906-144118/Configuration_and_Source/custom_transformer_blocks.py,Studies/SEAM/Combined_Extension/Results/SEAM_AV2_80EPOCH_COMBINED_20260906-144118/Configuration_and_Source/custom_transformer_blocks.py
Lab 3/SEAM_80_Epoch_Combined_Run/Results/SEAM_AV2_80EPOCH_COMBINED_20260906-144118/Configuration_and_Source/mamba_layers.py,Studies/SEAM/Combined_Extension/Results/SEAM_AV2_80EPOCH_COMBINED_20260906-144118/Configuration_and_Source/mamba_layers.py
Lab 3/SEAM_80_Epoch_Combined_Run/Results/SEAM_AV2_80EPOCH_COMBINED_20260906-144118/Configuration_and_Source/multimodal_decoder_attn.py,Studies/SEAM/Combined_Extension/Results/SEAM_AV2_80EPOCH_COMBINED_20260906-144118/Configuration_and_Source/multimodal_decoder_attn.py
Lab 3/SEAM_80_Epoch_Combined_Run/Results/SEAM_AV2_80EPOCH_COMBINED_20260906-144118/Configuration_and_Source/reference_Seam.yaml,Studies/SEAM/Combined_Extension/Results/SEAM_AV2_80EPOCH_COMBINED_20260906-144118/Configuration_and_Source/reference_Seam.yaml
Lab 3/SEAM_80_Epoch_Combined_Run/Results/SEAM_AV2_80EPOCH_COMBINED_20260906-144118/Configuration_and_Source/reference_av2_stream.yaml,Studies/SEAM/Combined_Extension/Results/SEAM_AV2_80EPOCH_COMBINED_20260906-144118/Configuration_and_Source/reference_av2_stream.yaml
Lab 3/SEAM_80_Epoch_Combined_Run/Results/SEAM_AV2_80EPOCH_COMBINED_20260906-144118/Configuration_and_Source/reference_config.yaml,Studies/SEAM/Combined_Extension/Results/SEAM_AV2_80EPOCH_COMBINED_20260906-144118/Configuration_and_Source/reference_config.yaml
Lab 3/SEAM_80_Epoch_Combined_Run/Results/SEAM_AV2_80EPOCH_COMBINED_20260906-144118/Configuration_and_Source/seam.py,Studies/SEAM/Combined_Extension/Results/SEAM_AV2_80EPOCH_COMBINED_20260906-144118/Configuration_and_Source/seam.py
Lab 3/SEAM_80_Epoch_Combined_Run/Results/SEAM_AV2_80EPOCH_COMBINED_20260906-144118/Configuration_and_Source/transformer_blocks.py,Studies/SEAM/Combined_Extension/Results/SEAM_AV2_80EPOCH_COMBINED_20260906-144118/Configuration_and_Source/transformer_blocks.py
Lab 3/SEAM_80_Epoch_Combined_Run/Results/SEAM_AV2_80EPOCH_COMBINED_20260906-144118/ENVIRONMENT.json,Studies/SEAM/Combined_Extension/Results/SEAM_AV2_80EPOCH_COMBINED_20260906-144118/ENVIRONMENT.json
Lab 3/SEAM_80_Epoch_Combined_Run/Results/SEAM_AV2_80EPOCH_COMBINED_20260906-144118/HEARTBEAT.json,Studies/SEAM/Combined_Extension/Results/SEAM_AV2_80EPOCH_COMBINED_20260906-144118/HEARTBEAT.json
Lab 3/SEAM_80_Epoch_Combined_Run/Results/SEAM_AV2_80EPOCH_COMBINED_20260906-144118/INPUT_HASHES.json,Studies/SEAM/Combined_Extension/Results/SEAM_AV2_80EPOCH_COMBINED_20260906-144118/INPUT_HASHES.json
Lab 3/SEAM_80_Epoch_Combined_Run/Results/SEAM_AV2_80EPOCH_COMBINED_20260906-144118/README.md,Studies/SEAM/Combined_Extension/Results/SEAM_AV2_80EPOCH_COMBINED_20260906-144118/README.md
Lab 3/SEAM_80_Epoch_Combined_Run/Results/SEAM_AV2_80EPOCH_COMBINED_20260906-144118/RESUME.json,Studies/SEAM/Combined_Extension/Results/SEAM_AV2_80EPOCH_COMBINED_20260906-144118/RESUME.json
Lab 3/SEAM_80_Epoch_Combined_Run/Results/SEAM_AV2_80EPOCH_COMBINED_20260906-144118/RUN_MANIFEST.json,Studies/SEAM/Combined_Extension/Results/SEAM_AV2_80EPOCH_COMBINED_20260906-144118/RUN_MANIFEST.json
Lab 3/SEAM_80_Epoch_Combined_Run/Results/SEAM_AV2_80EPOCH_COMBINED_20260906-144118/RUN_STATUS.json,Studies/SEAM/Combined_Extension/Results/SEAM_AV2_80EPOCH_COMBINED_20260906-144118/RUN_STATUS.json
Lab 3/SEAM_80_Epoch_Combined_Run/Results/SEAM_AV2_80EPOCH_COMBINED_20260906-144118/SOURCE_HASHES.json,Studies/SEAM/Combined_Extension/Results/SEAM_AV2_80EPOCH_COMBINED_20260906-144118/SOURCE_HASHES.json
Lab 3/SEAM_80_Epoch_Combined_Run/Results/SEAM_AV2_80EPOCH_COMBINED_20260906-144118/Summary.md,Studies/SEAM/Combined_Extension/Results/SEAM_AV2_80EPOCH_COMBINED_20260906-144118/Summary.md
Lab 3/SEAM_80_Epoch_Combined_Run/Results/SEAM_AV2_80EPOCH_COMBINED_20260906-144118/Terminal.txt,Studies/SEAM/Combined_Extension/Results/SEAM_AV2_80EPOCH_COMBINED_20260906-144118/Terminal.txt
Lab 3/SEAM_80_Epoch_Combined_Run/Results/SEAM_AV2_80EPOCH_COMBINED_20260906-144118/protocol.json,Studies/SEAM/Combined_Extension/Results/SEAM_AV2_80EPOCH_COMBINED_20260906-144118/protocol.json
Lab 3/SEAM_80_Epoch_Combined_Run/TERMINAL_COMMANDS.md,Studies/SEAM/Combined_Extension/TERMINAL_COMMANDS.md
Lab 3/SEAM_80_Epoch_Combined_Run/TESTING.md,Studies/SEAM/Combined_Extension/TESTING.md
Lab 3/SEAM_80_Epoch_Combined_Run/combined_model.py,Studies/SEAM/Combined_Extension/combined_model.py
Lab 3/SEAM_80_Epoch_Combined_Run/common.py,Studies/SEAM/Combined_Extension/common.py
Lab 3/SEAM_80_Epoch_Combined_Run/launch_combined.sh,Studies/SEAM/Combined_Extension/launch_combined.sh
Lab 3/SEAM_80_Epoch_Combined_Run/protocol.json,Studies/SEAM/Combined_Extension/protocol.json
Lab 3/SEAM_80_Epoch_Combined_Run/publish_combined.py,Studies/SEAM/Combined_Extension/publish_combined.py
Lab 3/SEAM_80_Epoch_Combined_Run/run_combined.py,Studies/SEAM/Combined_Extension/run_combined.py
Lab 3/SEAM_80_Epoch_Combined_Run/setup_combined.py,Studies/SEAM/Combined_Extension/setup_combined.py
Lab 3/SEAM_80_Epoch_Combined_Run/test_combined.py,Studies/SEAM/Combined_Extension/test_combined.py
Lab 3/SEAM_80_Epoch_Combined_Run/train_combined.py,Studies/SEAM/Combined_Extension/train_combined.py
Lab 3/SEAM_AV2_Mamba_3_Run/ARTICLE_AND_CODE_AUDIT.md,Studies/SEAM/State_Space_Integration/ARTICLE_AND_CODE_AUDIT.md
Lab 3/SEAM_AV2_Mamba_3_Run/README.md,Studies/SEAM/State_Space_Integration/README.md
Lab 3/SEAM_AV2_Mamba_3_Run/Results/SEAM_AV2_MAMBA_3RUN_20260824-202936/.gitignore,Studies/SEAM/State_Space_Integration/Results/SEAM_AV2_MAMBA_3RUN_20260824-202936/.gitignore
Lab 3/SEAM_AV2_Mamba_3_Run/Results/SEAM_AV2_MAMBA_3RUN_20260824-202936/CHECKPOINTS.txt,Studies/SEAM/State_Space_Integration/Results/SEAM_AV2_MAMBA_3RUN_20260824-202936/CHECKPOINTS.txt
Lab 3/SEAM_AV2_Mamba_3_Run/Results/SEAM_AV2_MAMBA_3RUN_20260824-202936/CURRENT_ERRORS.txt,Studies/SEAM/State_Space_Integration/Results/SEAM_AV2_MAMBA_3RUN_20260824-202936/CURRENT_ERRORS.txt
Lab 3/SEAM_AV2_Mamba_3_Run/Results/SEAM_AV2_MAMBA_3RUN_20260824-202936/README.md,Studies/SEAM/State_Space_Integration/Results/SEAM_AV2_MAMBA_3RUN_20260824-202936/README.md
Lab 3/SEAM_AV2_Mamba_3_Run/Results/SEAM_AV2_MAMBA_3RUN_20260824-202936/RUN_STATUS.txt,Studies/SEAM/State_Space_Integration/Results/SEAM_AV2_MAMBA_3RUN_20260824-202936/RUN_STATUS.txt
Lab 3/SEAM_AV2_Mamba_3_Run/Results/SEAM_AV2_MAMBA_3RUN_20260824-202936/Summary.md,Studies/SEAM/State_Space_Integration/Results/SEAM_AV2_MAMBA_3RUN_20260824-202936/Summary.md
Lab 3/SEAM_AV2_Mamba_3_Run/Results/SEAM_AV2_MAMBA_3RUN_20260824-202936/Terminal.txt,Studies/SEAM/State_Space_Integration/Results/SEAM_AV2_MAMBA_3RUN_20260824-202936/Terminal.txt
Lab 3/SEAM_AV2_Mamba_3_Run/Results/SEAM_AV2_MAMBA_3RUN_20260824-202936/baseline/.gitignore,Studies/SEAM/State_Space_Integration/Results/SEAM_AV2_MAMBA_3RUN_20260824-202936/baseline/.gitignore
Lab 3/SEAM_AV2_Mamba_3_Run/Results/SEAM_AV2_MAMBA_3RUN_20260824-202936/baseline/CHECKPOINTS.txt,Studies/SEAM/State_Space_Integration/Results/SEAM_AV2_MAMBA_3RUN_20260824-202936/baseline/CHECKPOINTS.txt
Lab 3/SEAM_AV2_Mamba_3_Run/Results/SEAM_AV2_MAMBA_3RUN_20260824-202936/baseline/LOG_TAIL.txt,Studies/SEAM/State_Space_Integration/Results/SEAM_AV2_MAMBA_3RUN_20260824-202936/baseline/LOG_TAIL.txt
Lab 3/SEAM_AV2_Mamba_3_Run/Results/SEAM_AV2_MAMBA_3RUN_20260824-202936/baseline/RUN_MANIFEST.json,Studies/SEAM/State_Space_Integration/Results/SEAM_AV2_MAMBA_3RUN_20260824-202936/baseline/RUN_MANIFEST.json
Lab 3/SEAM_AV2_Mamba_3_Run/Results/SEAM_AV2_MAMBA_3RUN_20260824-202936/baseline/STATUS.txt,Studies/SEAM/State_Space_Integration/Results/SEAM_AV2_MAMBA_3RUN_20260824-202936/baseline/STATUS.txt
Lab 3/SEAM_AV2_Mamba_3_Run/Results/SEAM_AV2_MAMBA_3RUN_20260824-202936/baseline/Summary.md,Studies/SEAM/State_Space_Integration/Results/SEAM_AV2_MAMBA_3RUN_20260824-202936/baseline/Summary.md
Lab 3/SEAM_AV2_Mamba_3_Run/Results/SEAM_AV2_MAMBA_3RUN_20260824-202936/baseline/config/Seam.yaml,Studies/SEAM/State_Space_Integration/Results/SEAM_AV2_MAMBA_3RUN_20260824-202936/baseline/config/Seam.yaml
Lab 3/SEAM_AV2_Mamba_3_Run/Results/SEAM_AV2_MAMBA_3RUN_20260824-202936/baseline/config/av2_stream.yaml,Studies/SEAM/State_Space_Integration/Results/SEAM_AV2_MAMBA_3RUN_20260824-202936/baseline/config/av2_stream.yaml
Lab 3/SEAM_AV2_Mamba_3_Run/Results/SEAM_AV2_MAMBA_3RUN_20260824-202936/baseline/config/config.yaml,Studies/SEAM/State_Space_Integration/Results/SEAM_AV2_MAMBA_3RUN_20260824-202936/baseline/config/config.yaml
Lab 3/SEAM_AV2_Mamba_3_Run/Results/SEAM_AV2_MAMBA_3RUN_20260824-202936/mamba_agent_add/.gitignore,Studies/SEAM/State_Space_Integration/Results/SEAM_AV2_MAMBA_3RUN_20260824-202936/mamba_agent_add/.gitignore
Lab 3/SEAM_AV2_Mamba_3_Run/Results/SEAM_AV2_MAMBA_3RUN_20260824-202936/mamba_agent_add/CHECKPOINTS.txt,Studies/SEAM/State_Space_Integration/Results/SEAM_AV2_MAMBA_3RUN_20260824-202936/mamba_agent_add/CHECKPOINTS.txt
Lab 3/SEAM_AV2_Mamba_3_Run/Results/SEAM_AV2_MAMBA_3RUN_20260824-202936/mamba_agent_add/LOG_TAIL.txt,Studies/SEAM/State_Space_Integration/Results/SEAM_AV2_MAMBA_3RUN_20260824-202936/mamba_agent_add/LOG_TAIL.txt
Lab 3/SEAM_AV2_Mamba_3_Run/Results/SEAM_AV2_MAMBA_3RUN_20260824-202936/mamba_agent_add/RUN_MANIFEST.json,Studies/SEAM/State_Space_Integration/Results/SEAM_AV2_MAMBA_3RUN_20260824-202936/mamba_agent_add/RUN_MANIFEST.json
Lab 3/SEAM_AV2_Mamba_3_Run/Results/SEAM_AV2_MAMBA_3RUN_20260824-202936/mamba_agent_add/STATUS.txt,Studies/SEAM/State_Space_Integration/Results/SEAM_AV2_MAMBA_3RUN_20260824-202936/mamba_agent_add/STATUS.txt
Lab 3/SEAM_AV2_Mamba_3_Run/Results/SEAM_AV2_MAMBA_3RUN_20260824-202936/mamba_agent_add/Summary.md,Studies/SEAM/State_Space_Integration/Results/SEAM_AV2_MAMBA_3RUN_20260824-202936/mamba_agent_add/Summary.md
Lab 3/SEAM_AV2_Mamba_3_Run/Results/SEAM_AV2_MAMBA_3RUN_20260824-202936/mamba_agent_add/config/Seam.yaml,Studies/SEAM/State_Space_Integration/Results/SEAM_AV2_MAMBA_3RUN_20260824-202936/mamba_agent_add/config/Seam.yaml
Lab 3/SEAM_AV2_Mamba_3_Run/Results/SEAM_AV2_MAMBA_3RUN_20260824-202936/mamba_agent_add/config/av2_stream.yaml,Studies/SEAM/State_Space_Integration/Results/SEAM_AV2_MAMBA_3RUN_20260824-202936/mamba_agent_add/config/av2_stream.yaml
Lab 3/SEAM_AV2_Mamba_3_Run/Results/SEAM_AV2_MAMBA_3RUN_20260824-202936/mamba_agent_add/config/config.yaml,Studies/SEAM/State_Space_Integration/Results/SEAM_AV2_MAMBA_3RUN_20260824-202936/mamba_agent_add/config/config.yaml
Lab 3/SEAM_AV2_Mamba_3_Run/Results/SEAM_AV2_MAMBA_3RUN_20260824-202936/mamba_future_replace/.gitignore,Studies/SEAM/State_Space_Integration/Results/SEAM_AV2_MAMBA_3RUN_20260824-202936/mamba_future_replace/.gitignore
Lab 3/SEAM_AV2_Mamba_3_Run/Results/SEAM_AV2_MAMBA_3RUN_20260824-202936/mamba_future_replace/CHECKPOINTS.txt,Studies/SEAM/State_Space_Integration/Results/SEAM_AV2_MAMBA_3RUN_20260824-202936/mamba_future_replace/CHECKPOINTS.txt
Lab 3/SEAM_AV2_Mamba_3_Run/Results/SEAM_AV2_MAMBA_3RUN_20260824-202936/mamba_future_replace/LOG_TAIL.txt,Studies/SEAM/State_Space_Integration/Results/SEAM_AV2_MAMBA_3RUN_20260824-202936/mamba_future_replace/LOG_TAIL.txt
Lab 3/SEAM_AV2_Mamba_3_Run/Results/SEAM_AV2_MAMBA_3RUN_20260824-202936/mamba_future_replace/RUN_MANIFEST.json,Studies/SEAM/State_Space_Integration/Results/SEAM_AV2_MAMBA_3RUN_20260824-202936/mamba_future_replace/RUN_MANIFEST.json
Lab 3/SEAM_AV2_Mamba_3_Run/Results/SEAM_AV2_MAMBA_3RUN_20260824-202936/mamba_future_replace/STATUS.txt,Studies/SEAM/State_Space_Integration/Results/SEAM_AV2_MAMBA_3RUN_20260824-202936/mamba_future_replace/STATUS.txt
Lab 3/SEAM_AV2_Mamba_3_Run/Results/SEAM_AV2_MAMBA_3RUN_20260824-202936/mamba_future_replace/Summary.md,Studies/SEAM/State_Space_Integration/Results/SEAM_AV2_MAMBA_3RUN_20260824-202936/mamba_future_replace/Summary.md
Lab 3/SEAM_AV2_Mamba_3_Run/Results/SEAM_AV2_MAMBA_3RUN_20260824-202936/mamba_future_replace/config/Seam.yaml,Studies/SEAM/State_Space_Integration/Results/SEAM_AV2_MAMBA_3RUN_20260824-202936/mamba_future_replace/config/Seam.yaml
Lab 3/SEAM_AV2_Mamba_3_Run/Results/SEAM_AV2_MAMBA_3RUN_20260824-202936/mamba_future_replace/config/av2_stream.yaml,Studies/SEAM/State_Space_Integration/Results/SEAM_AV2_MAMBA_3RUN_20260824-202936/mamba_future_replace/config/av2_stream.yaml
Lab 3/SEAM_AV2_Mamba_3_Run/Results/SEAM_AV2_MAMBA_3RUN_20260824-202936/mamba_future_replace/config/config.yaml,Studies/SEAM/State_Space_Integration/Results/SEAM_AV2_MAMBA_3RUN_20260824-202936/mamba_future_replace/config/config.yaml
Lab 3/SEAM_AV2_Mamba_3_Run/SOURCE_PROVENANCE.md,Studies/SEAM/State_Space_Integration/SOURCE_PROVENANCE.md
Lab 3/SEAM_AV2_Mamba_3_Run/TERMINAL_COMMANDS.md,Studies/SEAM/State_Space_Integration/TERMINAL_COMMANDS.md
Lab 3/SEAM_AV2_Mamba_3_Run/generate_seam_suite_snapshot.py,Studies/SEAM/State_Space_Integration/generate_seam_suite_snapshot.py
Lab 3/SEAM_AV2_Mamba_3_Run/generate_seam_summary.py,Studies/SEAM/State_Space_Integration/generate_seam_summary.py
Lab 3/SEAM_AV2_Mamba_3_Run/install_seam_environment.sh,Studies/SEAM/State_Space_Integration/install_seam_environment.sh
Lab 3/SEAM_AV2_Mamba_3_Run/launch_lab3_seam_3run.sh,Studies/SEAM/State_Space_Integration/launch_lab3_seam_3run.sh
Lab 3/SEAM_AV2_Mamba_3_Run/preflight_seam_variants.py,Studies/SEAM/State_Space_Integration/preflight_seam_variants.py
Lab 3/SEAM_AV2_Mamba_3_Run/publish_seam_result.sh,Studies/SEAM/State_Space_Integration/publish_seam_result.sh
Lab 3/SEAM_AV2_Mamba_3_Run/publish_seam_suite_snapshot.sh,Studies/SEAM/State_Space_Integration/publish_seam_suite_snapshot.sh
Lab 3/SEAM_AV2_Mamba_3_Run/requirements-lab3.txt,Studies/SEAM/State_Space_Integration/requirements-lab3.txt
Lab 3/SEAM_AV2_Mamba_3_Run/run_seam_3run_suite.sh,Studies/SEAM/State_Space_Integration/run_seam_3run_suite.sh
Lab 3/SEAM_AV2_Mamba_3_Run/setup_lab3_seam_3run.py,Studies/SEAM/State_Space_Integration/setup_lab3_seam_3run.py
Lab 3/SEAM_AV2_Mamba_3_Run/upstream/seam-main/README.md,Studies/SEAM/State_Space_Integration/upstream/seam-main/README.md
Lab 3/SEAM_AV2_Mamba_3_Run/upstream/seam-main/conf/config.yaml,Studies/SEAM/State_Space_Integration/upstream/seam-main/conf/config.yaml
Lab 3/SEAM_AV2_Mamba_3_Run/upstream/seam-main/conf/datamodule/av2.yaml,Studies/SEAM/State_Space_Integration/upstream/seam-main/conf/datamodule/av2.yaml
Lab 3/SEAM_AV2_Mamba_3_Run/upstream/seam-main/conf/datamodule/av2_ma.yaml,Studies/SEAM/State_Space_Integration/upstream/seam-main/conf/datamodule/av2_ma.yaml
Lab 3/SEAM_AV2_Mamba_3_Run/upstream/seam-main/conf/datamodule/av2_stream.yaml,Studies/SEAM/State_Space_Integration/upstream/seam-main/conf/datamodule/av2_stream.yaml
Lab 3/SEAM_AV2_Mamba_3_Run/upstream/seam-main/conf/model/Seam.yaml,Studies/SEAM/State_Space_Integration/upstream/seam-main/conf/model/Seam.yaml
Lab 3/SEAM_AV2_Mamba_3_Run/upstream/seam-main/conf/model/Seam_I.yaml,Studies/SEAM/State_Space_Integration/upstream/seam-main/conf/model/Seam_I.yaml
Lab 3/SEAM_AV2_Mamba_3_Run/upstream/seam-main/conf/model/Seam_ma.yaml,Studies/SEAM/State_Space_Integration/upstream/seam-main/conf/model/Seam_ma.yaml
Lab 3/SEAM_AV2_Mamba_3_Run/upstream/seam-main/eval.py,Studies/SEAM/State_Space_Integration/upstream/seam-main/eval.py
Lab 3/SEAM_AV2_Mamba_3_Run/upstream/seam-main/preprocess.py,Studies/SEAM/State_Space_Integration/upstream/seam-main/preprocess.py
Lab 3/SEAM_AV2_Mamba_3_Run/upstream/seam-main/requirements.txt,Studies/SEAM/State_Space_Integration/upstream/seam-main/requirements.txt
Lab 3/SEAM_AV2_Mamba_3_Run/upstream/seam-main/src/__init__.py,Studies/SEAM/State_Space_Integration/upstream/seam-main/src/__init__.py
Lab 3/SEAM_AV2_Mamba_3_Run/upstream/seam-main/src/datamodules/__init__.py,Studies/SEAM/State_Space_Integration/upstream/seam-main/src/datamodules/__init__.py
Lab 3/SEAM_AV2_Mamba_3_Run/upstream/seam-main/src/datamodules/av2_data_utils.py,Studies/SEAM/State_Space_Integration/upstream/seam-main/src/datamodules/av2_data_utils.py
Lab 3/SEAM_AV2_Mamba_3_Run/upstream/seam-main/src/datamodules/av2_datamodule.py,Studies/SEAM/State_Space_Integration/upstream/seam-main/src/datamodules/av2_datamodule.py
Lab 3/SEAM_AV2_Mamba_3_Run/upstream/seam-main/src/datamodules/av2_dataset.py,Studies/SEAM/State_Space_Integration/upstream/seam-main/src/datamodules/av2_dataset.py
Lab 3/SEAM_AV2_Mamba_3_Run/upstream/seam-main/src/datamodules/av2_extractor.py,Studies/SEAM/State_Space_Integration/upstream/seam-main/src/datamodules/av2_extractor.py
Lab 3/SEAM_AV2_Mamba_3_Run/upstream/seam-main/src/metrics/__init__.py,Studies/SEAM/State_Space_Integration/upstream/seam-main/src/metrics/__init__.py
Lab 3/SEAM_AV2_Mamba_3_Run/upstream/seam-main/src/metrics/actor_mr.py,Studies/SEAM/State_Space_Integration/upstream/seam-main/src/metrics/actor_mr.py
Lab 3/SEAM_AV2_Mamba_3_Run/upstream/seam-main/src/metrics/avg_brier_min_fde.py,Studies/SEAM/State_Space_Integration/upstream/seam-main/src/metrics/avg_brier_min_fde.py
Lab 3/SEAM_AV2_Mamba_3_Run/upstream/seam-main/src/metrics/avg_min_ade.py,Studies/SEAM/State_Space_Integration/upstream/seam-main/src/metrics/avg_min_ade.py
Lab 3/SEAM_AV2_Mamba_3_Run/upstream/seam-main/src/metrics/avg_min_fde.py,Studies/SEAM/State_Space_Integration/upstream/seam-main/src/metrics/avg_min_fde.py
Lab 3/SEAM_AV2_Mamba_3_Run/upstream/seam-main/src/metrics/min_ade.py,Studies/SEAM/State_Space_Integration/upstream/seam-main/src/metrics/min_ade.py
Lab 3/SEAM_AV2_Mamba_3_Run/upstream/seam-main/src/metrics/min_fde.py,Studies/SEAM/State_Space_Integration/upstream/seam-main/src/metrics/min_fde.py
Lab 3/SEAM_AV2_Mamba_3_Run/upstream/seam-main/src/metrics/mr.py,Studies/SEAM/State_Space_Integration/upstream/seam-main/src/metrics/mr.py
Lab 3/SEAM_AV2_Mamba_3_Run/upstream/seam-main/src/metrics/utils.py,Studies/SEAM/State_Space_Integration/upstream/seam-main/src/metrics/utils.py
Lab 3/SEAM_AV2_Mamba_3_Run/upstream/seam-main/src/model/__init__.py,Studies/SEAM/State_Space_Integration/upstream/seam-main/src/model/__init__.py
Lab 3/SEAM_AV2_Mamba_3_Run/upstream/seam-main/src/model/layers/__init__.py,Studies/SEAM/State_Space_Integration/upstream/seam-main/src/model/layers/__init__.py
Lab 3/SEAM_AV2_Mamba_3_Run/upstream/seam-main/src/model/layers/custom_transformer_blocks.py,Studies/SEAM/State_Space_Integration/upstream/seam-main/src/model/layers/custom_transformer_blocks.py
Lab 3/SEAM_AV2_Mamba_3_Run/upstream/seam-main/src/model/layers/lane_embedding.py,Studies/SEAM/State_Space_Integration/upstream/seam-main/src/model/layers/lane_embedding.py
Lab 3/SEAM_AV2_Mamba_3_Run/upstream/seam-main/src/model/layers/mamba_layers.py,Studies/SEAM/State_Space_Integration/upstream/seam-main/src/model/layers/mamba_layers.py
Lab 3/SEAM_AV2_Mamba_3_Run/upstream/seam-main/src/model/layers/mln.py,Studies/SEAM/State_Space_Integration/upstream/seam-main/src/model/layers/mln.py
Lab 3/SEAM_AV2_Mamba_3_Run/upstream/seam-main/src/model/layers/multimodal_decoder_attn.py,Studies/SEAM/State_Space_Integration/upstream/seam-main/src/model/layers/multimodal_decoder_attn.py
Lab 3/SEAM_AV2_Mamba_3_Run/upstream/seam-main/src/model/layers/transformer_blocks.py,Studies/SEAM/State_Space_Integration/upstream/seam-main/src/model/layers/transformer_blocks.py
Lab 3/SEAM_AV2_Mamba_3_Run/upstream/seam-main/src/model/ma_seam.py,Studies/SEAM/State_Space_Integration/upstream/seam-main/src/model/ma_seam.py
Lab 3/SEAM_AV2_Mamba_3_Run/upstream/seam-main/src/model/pl_modules.py,Studies/SEAM/State_Space_Integration/upstream/seam-main/src/model/pl_modules.py
Lab 3/SEAM_AV2_Mamba_3_Run/upstream/seam-main/src/model/seam.py,Studies/SEAM/State_Space_Integration/upstream/seam-main/src/model/seam.py
Lab 3/SEAM_AV2_Mamba_3_Run/upstream/seam-main/src/utils/__init__.py,Studies/SEAM/State_Space_Integration/upstream/seam-main/src/utils/__init__.py
Lab 3/SEAM_AV2_Mamba_3_Run/upstream/seam-main/src/utils/ma_submission_av2.py,Studies/SEAM/State_Space_Integration/upstream/seam-main/src/utils/ma_submission_av2.py
Lab 3/SEAM_AV2_Mamba_3_Run/upstream/seam-main/src/utils/ma_submission_protocol.py,Studies/SEAM/State_Space_Integration/upstream/seam-main/src/utils/ma_submission_protocol.py
Lab 3/SEAM_AV2_Mamba_3_Run/upstream/seam-main/src/utils/optim.py,Studies/SEAM/State_Space_Integration/upstream/seam-main/src/utils/optim.py
Lab 3/SEAM_AV2_Mamba_3_Run/upstream/seam-main/src/utils/submission_av2.py,Studies/SEAM/State_Space_Integration/upstream/seam-main/src/utils/submission_av2.py
Lab 3/SEAM_AV2_Mamba_3_Run/upstream/seam-main/src/utils/vis.py,Studies/SEAM/State_Space_Integration/upstream/seam-main/src/utils/vis.py
Lab 3/SEAM_AV2_Mamba_3_Run/upstream/seam-main/train.py,Studies/SEAM/State_Space_Integration/upstream/seam-main/train.py
Lab 3/attention_variants.py,Studies/SHARP/Attention_Operators/attention_variants.py
Lab 3/compare_results.py,Studies/SHARP/Attention_Operators/compare_results.py
Lab 3/eval_to_json.py,Studies/SHARP/Attention_Operators/eval_to_json.py
Lab 3/find_best_checkpoint.py,Studies/SHARP/Attention_Operators/find_best_checkpoint.py
Lab 3/setup_lab3_attention_ablation.py,Studies/SHARP/Attention_Operators/setup_lab3_attention_ablation.py
Lab 3/sharp_original/README.md,Studies/SHARP/Attention_Operators/sharp_original/README.md
Lab 3/sharp_original/conf/config.yaml,Studies/SHARP/Attention_Operators/sharp_original/conf/config.yaml
Lab 3/sharp_original/conf/config_ma.yaml,Studies/SHARP/Attention_Operators/sharp_original/conf/config_ma.yaml
Lab 3/sharp_original/conf/datamodule/av1_stream.yaml,Studies/SHARP/Attention_Operators/sharp_original/conf/datamodule/av1_stream.yaml
Lab 3/sharp_original/conf/datamodule/av2_ma.yaml,Studies/SHARP/Attention_Operators/sharp_original/conf/datamodule/av2_ma.yaml
Lab 3/sharp_original/conf/datamodule/av2_stream.yaml,Studies/SHARP/Attention_Operators/sharp_original/conf/datamodule/av2_stream.yaml
Lab 3/sharp_original/conf/datamodule/nus_stream.yaml,Studies/SHARP/Attention_Operators/sharp_original/conf/datamodule/nus_stream.yaml
Lab 3/sharp_original/conf/model/Sharp_av1.yaml,Studies/SHARP/Attention_Operators/sharp_original/conf/model/Sharp_av1.yaml
Lab 3/sharp_original/conf/model/Sharp_av2.yaml,Studies/SHARP/Attention_Operators/sharp_original/conf/model/Sharp_av2.yaml
Lab 3/sharp_original/conf/model/Sharp_ma.yaml,Studies/SHARP/Attention_Operators/sharp_original/conf/model/Sharp_ma.yaml
Lab 3/sharp_original/conf/model/Sharp_nus.yaml,Studies/SHARP/Attention_Operators/sharp_original/conf/model/Sharp_nus.yaml
Lab 3/sharp_original/eval.py,Studies/SHARP/Attention_Operators/sharp_original/eval.py
Lab 3/sharp_original/preprocess.py,Studies/SHARP/Attention_Operators/sharp_original/preprocess.py
Lab 3/sharp_original/requirements.txt,Studies/SHARP/Attention_Operators/sharp_original/requirements.txt
Lab 3/sharp_original/src/__init__.py,Studies/SHARP/Attention_Operators/sharp_original/src/__init__.py
Lab 3/sharp_original/src/datamodules/__init__.py,Studies/SHARP/Attention_Operators/sharp_original/src/datamodules/__init__.py
Lab 3/sharp_original/src/datamodules/av1_datamodule.py,Studies/SHARP/Attention_Operators/sharp_original/src/datamodules/av1_datamodule.py
Lab 3/sharp_original/src/datamodules/av1_dataset.py,Studies/SHARP/Attention_Operators/sharp_original/src/datamodules/av1_dataset.py
Lab 3/sharp_original/src/datamodules/av1_extractor.py,Studies/SHARP/Attention_Operators/sharp_original/src/datamodules/av1_extractor.py
Lab 3/sharp_original/src/datamodules/av2_data_utils.py,Studies/SHARP/Attention_Operators/sharp_original/src/datamodules/av2_data_utils.py
Lab 3/sharp_original/src/datamodules/av2_datamodule.py,Studies/SHARP/Attention_Operators/sharp_original/src/datamodules/av2_datamodule.py
Lab 3/sharp_original/src/datamodules/av2_dataset.py,Studies/SHARP/Attention_Operators/sharp_original/src/datamodules/av2_dataset.py
Lab 3/sharp_original/src/datamodules/av2_extractor.py,Studies/SHARP/Attention_Operators/sharp_original/src/datamodules/av2_extractor.py
Lab 3/sharp_original/src/datamodules/nus_datamodule.py,Studies/SHARP/Attention_Operators/sharp_original/src/datamodules/nus_datamodule.py
Lab 3/sharp_original/src/datamodules/nus_dataset.py,Studies/SHARP/Attention_Operators/sharp_original/src/datamodules/nus_dataset.py
Lab 3/sharp_original/src/datamodules/nus_extractor.py,Studies/SHARP/Attention_Operators/sharp_original/src/datamodules/nus_extractor.py
Lab 3/sharp_original/src/metrics/__init__.py,Studies/SHARP/Attention_Operators/sharp_original/src/metrics/__init__.py
Lab 3/sharp_original/src/metrics/actor_mr.py,Studies/SHARP/Attention_Operators/sharp_original/src/metrics/actor_mr.py
Lab 3/sharp_original/src/metrics/avg_brier_min_fde.py,Studies/SHARP/Attention_Operators/sharp_original/src/metrics/avg_brier_min_fde.py
Lab 3/sharp_original/src/metrics/avg_min_ade.py,Studies/SHARP/Attention_Operators/sharp_original/src/metrics/avg_min_ade.py
Lab 3/sharp_original/src/metrics/avg_min_fde.py,Studies/SHARP/Attention_Operators/sharp_original/src/metrics/avg_min_fde.py
Lab 3/sharp_original/src/metrics/min_ade.py,Studies/SHARP/Attention_Operators/sharp_original/src/metrics/min_ade.py
Lab 3/sharp_original/src/metrics/min_fde.py,Studies/SHARP/Attention_Operators/sharp_original/src/metrics/min_fde.py
Lab 3/sharp_original/src/metrics/mr.py,Studies/SHARP/Attention_Operators/sharp_original/src/metrics/mr.py
Lab 3/sharp_original/src/metrics/utils.py,Studies/SHARP/Attention_Operators/sharp_original/src/metrics/utils.py
Lab 3/sharp_original/src/model/__init__.py,Studies/SHARP/Attention_Operators/sharp_original/src/model/__init__.py
Lab 3/sharp_original/src/model/layers/__init__.py,Studies/SHARP/Attention_Operators/sharp_original/src/model/layers/__init__.py
Lab 3/sharp_original/src/model/layers/custom_transformer_blocks.py,Studies/SHARP/Attention_Operators/sharp_original/src/model/layers/custom_transformer_blocks.py
Lab 3/sharp_original/src/model/layers/lane_embedding.py,Studies/SHARP/Attention_Operators/sharp_original/src/model/layers/lane_embedding.py
Lab 3/sharp_original/src/model/layers/mln.py,Studies/SHARP/Attention_Operators/sharp_original/src/model/layers/mln.py
Lab 3/sharp_original/src/model/layers/multimodal_decoder_attn.py,Studies/SHARP/Attention_Operators/sharp_original/src/model/layers/multimodal_decoder_attn.py
Lab 3/sharp_original/src/model/layers/transformer_blocks.py,Studies/SHARP/Attention_Operators/sharp_original/src/model/layers/transformer_blocks.py
Lab 3/sharp_original/src/model/ma_consistency_module.py,Studies/SHARP/Attention_Operators/sharp_original/src/model/ma_consistency_module.py
Lab 3/sharp_original/src/model/pl_modules.py,Studies/SHARP/Attention_Operators/sharp_original/src/model/pl_modules.py
Lab 3/sharp_original/src/model/sharp.py,Studies/SHARP/Attention_Operators/sharp_original/src/model/sharp.py
Lab 3/sharp_original/src/utils/__init__.py,Studies/SHARP/Attention_Operators/sharp_original/src/utils/__init__.py
Lab 3/sharp_original/src/utils/ma_submission_av2.py,Studies/SHARP/Attention_Operators/sharp_original/src/utils/ma_submission_av2.py
Lab 3/sharp_original/src/utils/ma_submission_protocol.py,Studies/SHARP/Attention_Operators/sharp_original/src/utils/ma_submission_protocol.py
Lab 3/sharp_original/src/utils/optim.py,Studies/SHARP/Attention_Operators/sharp_original/src/utils/optim.py
Lab 3/sharp_original/src/utils/submission_av1.py,Studies/SHARP/Attention_Operators/sharp_original/src/utils/submission_av1.py
Lab 3/sharp_original/src/utils/submission_av2.py,Studies/SHARP/Attention_Operators/sharp_original/src/utils/submission_av2.py
Lab 3/sharp_original/src/utils/vis.py,Studies/SHARP/Attention_Operators/sharp_original/src/utils/vis.py
Lab 3/sharp_original/train.py,Studies/SHARP/Attention_Operators/sharp_original/train.py
README.md,README.md
Results/Info.md,Documentation/Archive/2026-08-25/Info.md
Results/Main/All_Run_Registry.md,Documentation/Archive/2026-08-25/Main/All_Run_Registry.md
Results/Main/SHARP_AV2_Main_Results.md,Documentation/Archive/2026-08-25/Main/SHARP_AV2_Main_Results.md
Results/README.md,Documentation/Archive/2026-08-25/README.md
Save_To_Terminal.txt,Tools/Terminal/Capture_Training_Log.txt
See_Best_Checkpoint.txt,Tools/Terminal/Inspect_Best_Checkpoint.txt
